label,evidence_class,filter_id,k,budget_b,budget_c,measured_matching,selectivity_pct,n_queries,n_requests,failed_requests,recall_mean,recall_ci_low,recall_ci_high,recall_median,recall_min,recall_frac_1,completeness_mean,matching_completeness_mean,returned_mean,zero_match_correct_rate,precision_violations,duplicate_keys,ties,identical_rate,mean_jaccard,consistency_cells,budget_units_used_mean,candidates_scored_mean,matching
REAL AWS: unfiltered ANN reference,aws_ann_reference,NOFILTER,5,,,50000,100.0,50,150,0,0.984,0.968,0.996,1.0,0.8,0.92,1.0,1.0,5.0,,0,0,0,1.0,1.0,50,,,50000
REAL AWS: unfiltered ANN reference,aws_ann_reference,NOFILTER,10,,,50000,100.0,50,150,0,0.994,0.988,1.0,1.0,0.9,0.94,1.0,1.0,10.0,,0,0,0,1.0,1.0,50,,,50000
REAL AWS: unfiltered ANN reference,aws_ann_reference,NOFILTER,20,,,50000,100.0,50,150,0,0.996,0.991,0.999,1.0,0.95,0.92,1.0,1.0,20.0,,0,0,3,1.0,1.0,50,,,50000
REAL AWS: unfiltered ANN reference,aws_ann_reference,NOFILTER,50,,,50000,100.0,50,150,0,0.9916,0.9888,0.9944,1.0,0.98,0.58,1.0,1.0,50.0,,0,0,0,1.0,1.0,50,,,50000
REAL AWS: ENHANCED filtered query,aws_enhanced,F001,5,,,5,0.01,50,150,0,1.0,1.0,1.0,1.0,1.0,1.0,1.0,1.0,5.0,,0,0,0,1.0,1.0,50,,,5
REAL AWS: ENHANCED filtered query,aws_enhanced,F001,10,,,5,0.01,50,150,0,1.0,1.0,1.0,1.0,1.0,1.0,1.0,1.0,5.0,,0,0,0,1.0,1.0,50,,,5
REAL AWS: ENHANCED filtered query,aws_enhanced,F001,20,,,5,0.01,50,150,0,1.0,1.0,1.0,1.0,1.0,1.0,1.0,1.0,5.0,,0,0,0,1.0,1.0,50,,,5
REAL AWS: ENHANCED filtered query,aws_enhanced,F001,50,,,5,0.01,50,150,0,1.0,1.0,1.0,1.0,1.0,1.0,1.0,1.0,5.0,,0,0,0,1.0,1.0,50,,,5
REAL AWS: ENHANCED filtered query,aws_enhanced,F01,5,,,50,0.1,50,150,0,0.948,0.92,0.972,1.0,0.6,0.76,1.0,1.0,5.0,,0,0,0,1.0,1.0,50,,,50
REAL AWS: ENHANCED filtered query,aws_enhanced,F01,10,,,50,0.1,50,150,0,0.898,0.874,0.922,0.9,0.7,0.32,1.0,1.0,10.0,,0,0,0,1.0,1.0,50,,,50
REAL AWS: ENHANCED filtered query,aws_enhanced,F01,20,,,50,0.1,50,150,0,0.811,0.788,0.834,0.8,0.65,0.0,1.0,1.0,20.0,,0,0,0,1.0,1.0,50,,,50
REAL AWS: ENHANCED filtered query,aws_enhanced,F01,50,,,50,0.1,50,150,0,0.6104,0.5916,0.6276,0.62,0.48,0.0,0.6104,0.6104,30.52,,0,0,0,1.0,1.0,50,,,50
REAL AWS: ENHANCED filtered query,aws_enhanced,F1,5,,,500,1.0,50,150,0,0.992,0.98,1.0,1.0,0.8,0.96,1.0,1.0,5.0,,0,0,0,1.0,1.0,50,,,500
REAL AWS: ENHANCED filtered query,aws_enhanced,F1,10,,,500,1.0,50,150,0,0.974,0.956,0.99,1.0,0.7,0.82,1.0,1.0,10.0,,0,0,0,1.0,1.0,50,,,500
REAL AWS: ENHANCED filtered query,aws_enhanced,F1,20,,,500,1.0,50,150,0,0.948666667,0.928658333,0.967008333,0.95,0.7,0.44,1.0,1.0,20.0,,0,0,0,0.98,0.998730159,50,,,500
REAL AWS: ENHANCED filtered query,aws_enhanced,F1,50,,,500,1.0,50,150,0,0.9108,0.89559,0.9264,0.92,0.72,0.02,1.0,1.0,50.0,,0,0,0,1.0,1.0,50,,,500
REAL AWS: ENHANCED filtered query,aws_enhanced,F10,5,,,5000,10.0,50,150,0,0.996,0.988,1.0,1.0,0.8,0.98,1.0,1.0,5.0,,0,0,3,1.0,1.0,50,,,5000
REAL AWS: ENHANCED filtered query,aws_enhanced,F10,10,,,5000,10.0,50,150,0,0.992,0.984,0.998,1.0,0.9,0.92,1.0,1.0,10.0,,0,0,0,1.0,1.0,50,,,5000
REAL AWS: ENHANCED filtered query,aws_enhanced,F10,20,,,5000,10.0,50,150,0,0.997,0.993,1.0,1.0,0.95,0.94,1.0,1.0,20.0,,0,0,0,1.0,1.0,50,,,5000
REAL AWS: ENHANCED filtered query,aws_enhanced,F10,50,,,5000,10.0,50,150,0,0.996,0.9932,0.9984,1.0,0.96,0.82,1.0,1.0,50.0,,0,0,0,1.0,1.0,50,,,5000
REAL AWS: ENHANCED filtered query,aws_enhanced,F50,5,,,25000,50.0,50,150,0,0.988,0.972,1.0,1.0,0.8,0.94,1.0,1.0,5.0,,0,0,0,1.0,1.0,50,,,25000
REAL AWS: ENHANCED filtered query,aws_enhanced,F50,10,,,25000,50.0,50,150,0,0.984,0.972,0.992,1.0,0.9,0.84,1.0,1.0,10.0,,0,0,0,1.0,1.0,50,,,25000
REAL AWS: ENHANCED filtered query,aws_enhanced,F50,20,,,25000,50.0,50,150,0,0.988,0.98,0.994,1.0,0.9,0.78,1.0,1.0,20.0,,0,0,0,1.0,1.0,50,,,25000
REAL AWS: ENHANCED filtered query,aws_enhanced,F50,50,,,25000,50.0,50,150,0,0.9912,0.9884,0.994,1.0,0.98,0.56,1.0,1.0,50.0,,0,0,0,0.98,1.0,50,,,25000
REAL AWS: ENHANCED filtered query,aws_enhanced,FAND2,5,,,135,0.27,50,150,0,0.952,0.924,0.98,1.0,0.6,0.8,1.0,1.0,5.0,,0,0,0,1.0,1.0,50,,,135
REAL AWS: ENHANCED filtered query,aws_enhanced,FAND2,10,,,135,0.27,50,150,0,0.932,0.91,0.95405,1.0,0.7,0.54,1.0,1.0,10.0,,0,0,0,1.0,1.0,50,,,135
REAL AWS: ENHANCED filtered query,aws_enhanced,FAND2,20,,,135,0.27,50,150,0,0.883,0.859,0.905025,0.9,0.7,0.14,1.0,1.0,20.0,,0,0,0,1.0,1.0,50,,,135
REAL AWS: ENHANCED filtered query,aws_enhanced,FAND2,50,,,135,0.27,50,150,0,0.724,0.70079,0.74561,0.72,0.58,0.0,1.0,1.0,50.0,,0,0,0,0.98,0.999477124,50,,,135
REAL AWS: ENHANCED filtered query,aws_enhanced,FAND3,5,,,656,1.312,50,150,0,1.0,1.0,1.0,1.0,1.0,1.0,1.0,1.0,5.0,,0,0,0,1.0,1.0,50,,,656
REAL AWS: ENHANCED filtered query,aws_enhanced,FAND3,10,,,656,1.312,50,150,0,0.984,0.974,0.992,1.0,0.9,0.84,1.0,1.0,10.0,,0,0,0,1.0,1.0,50,,,656
REAL AWS: ENHANCED filtered query,aws_enhanced,FAND3,20,,,656,1.312,50,150,0,0.959,0.943975,0.973025,0.95,0.75,0.46,1.0,1.0,20.0,,0,0,0,1.0,1.0,50,,,656
REAL AWS: ENHANCED filtered query,aws_enhanced,FAND3,50,,,656,1.312,50,150,0,0.9144,0.9,0.92841,0.92,0.76,0.04,1.0,1.0,50.0,,0,0,0,0.98,0.999477124,50,,,656
REAL AWS: ENHANCED filtered query,aws_enhanced,FFEW,5,,,3,0.006,50,150,0,1.0,1.0,1.0,1.0,1.0,1.0,1.0,1.0,3.0,,0,0,0,1.0,1.0,50,,,3
REAL AWS: ENHANCED filtered query,aws_enhanced,FFEW,10,,,3,0.006,50,150,0,1.0,1.0,1.0,1.0,1.0,1.0,1.0,1.0,3.0,,0,0,0,1.0,1.0,50,,,3
REAL AWS: ENHANCED filtered query,aws_enhanced,FFEW,20,,,3,0.006,50,150,0,1.0,1.0,1.0,1.0,1.0,1.0,1.0,1.0,3.0,,0,0,0,1.0,1.0,50,,,3
REAL AWS: ENHANCED filtered query,aws_enhanced,FFEW,50,,,3,0.006,50,150,0,1.0,1.0,1.0,1.0,1.0,1.0,1.0,1.0,3.0,,0,0,0,1.0,1.0,50,,,3
REAL AWS: ENHANCED filtered query,aws_enhanced,FONE,5,,,1,0.002,50,150,0,1.0,1.0,1.0,1.0,1.0,1.0,1.0,1.0,1.0,,0,0,0,1.0,1.0,50,,,1
REAL AWS: ENHANCED filtered query,aws_enhanced,FONE,10,,,1,0.002,50,150,0,1.0,1.0,1.0,1.0,1.0,1.0,1.0,1.0,1.0,,0,0,0,1.0,1.0,50,,,1
REAL AWS: ENHANCED filtered query,aws_enhanced,FONE,20,,,1,0.002,50,150,0,1.0,1.0,1.0,1.0,1.0,1.0,1.0,1.0,1.0,,0,0,0,1.0,1.0,50,,,1
REAL AWS: ENHANCED filtered query,aws_enhanced,FONE,50,,,1,0.002,50,150,0,1.0,1.0,1.0,1.0,1.0,1.0,1.0,1.0,1.0,,0,0,0,1.0,1.0,50,,,1
REAL AWS: ENHANCED filtered query,aws_enhanced,FZERO,5,,,0,0.0,50,150,0,,,,,,,,,0.0,1.0,0,0,0,1.0,1.0,50,,,0
REAL AWS: ENHANCED filtered query,aws_enhanced,FZERO,10,,,0,0.0,50,150,0,,,,,,,,,0.0,1.0,0,0,0,1.0,1.0,50,,,0
REAL AWS: ENHANCED filtered query,aws_enhanced,FZERO,20,,,0,0.0,50,150,0,,,,,,,,,0.0,1.0,0,0,0,1.0,1.0,50,,,0
REAL AWS: ENHANCED filtered query,aws_enhanced,FZERO,50,,,0,0.0,50,150,0,,,,,,,,,0.0,1.0,0,0,0,1.0,1.0,50,,,0
"REAL AWS: client-side post-filter baseline (unfiltered query + local filter), B=100",aws_postfilter_baseline,F001,5,100.0,,5,0.01,50,100,0,0.004,0.0,0.012,0.0,0.0,0.0,0.004,0.004,0.02,,0,0,0,1.0,1.0,50,,,5
"REAL AWS: client-side post-filter baseline (unfiltered query + local filter), B=1000",aws_postfilter_baseline,F001,5,1000.0,,5,0.01,50,99,1,0.008,0.0,0.02,0.0,0.0,0.0,0.008,0.008,0.0404040404,,0,0,0,1.0,1.0,49,,,5
"REAL AWS: client-side post-filter baseline (unfiltered query + local filter), B=10000",aws_postfilter_baseline,F001,5,10000.0,,5,0.01,50,100,0,0.24,0.192,0.284,0.2,0.0,0.0,0.24,0.24,1.2,,0,0,0,1.0,1.0,50,,,5
"REAL AWS: client-side post-filter baseline (unfiltered query + local filter), B=100",aws_postfilter_baseline,F001,10,100.0,,5,0.01,50,100,0,0.004,0.0,0.012,0.0,0.0,0.0,0.004,0.004,0.02,,0,0,0,1.0,1.0,50,,,5
"REAL AWS: client-side post-filter baseline (unfiltered query + local filter), B=1000",aws_postfilter_baseline,F001,10,1000.0,,5,0.01,50,99,1,0.008,0.0,0.02,0.0,0.0,0.0,0.008,0.008,0.0404040404,,0,0,0,1.0,1.0,49,,,5
"REAL AWS: client-side post-filter baseline (unfiltered query + local filter), B=10000",aws_postfilter_baseline,F001,10,10000.0,,5,0.01,50,100,0,0.24,0.196,0.284,0.2,0.0,0.0,0.24,0.24,1.2,,0,0,0,1.0,1.0,50,,,5
"REAL AWS: client-side post-filter baseline (unfiltered query + local filter), B=100",aws_postfilter_baseline,F001,20,100.0,,5,0.01,50,100,0,0.004,0.0,0.012,0.0,0.0,0.0,0.004,0.004,0.02,,0,0,0,1.0,1.0,50,,,5
"REAL AWS: client-side post-filter baseline (unfiltered query + local filter), B=1000",aws_postfilter_baseline,F001,20,1000.0,,5,0.01,50,99,1,0.008,0.0,0.02,0.0,0.0,0.0,0.008,0.008,0.0404040404,,0,0,0,1.0,1.0,49,,,5
"REAL AWS: client-side post-filter baseline (unfiltered query + local filter), B=10000",aws_postfilter_baseline,F001,20,10000.0,,5,0.01,50,100,0,0.24,0.196,0.284,0.2,0.0,0.0,0.24,0.24,1.2,,0,0,0,1.0,1.0,50,,,5
"REAL AWS: client-side post-filter baseline (unfiltered query + local filter), B=100",aws_postfilter_baseline,F001,50,100.0,,5,0.01,50,100,0,0.004,0.0,0.012,0.0,0.0,0.0,0.004,0.004,0.02,,0,0,0,1.0,1.0,50,,,5
"REAL AWS: client-side post-filter baseline (unfiltered query + local filter), B=1000",aws_postfilter_baseline,F001,50,1000.0,,5,0.01,50,99,1,0.008,0.0,0.02,0.0,0.0,0.0,0.008,0.008,0.0404040404,,0,0,0,1.0,1.0,49,,,5
"REAL AWS: client-side post-filter baseline (unfiltered query + local filter), B=10000",aws_postfilter_baseline,F001,50,10000.0,,5,0.01,50,100,0,0.24,0.192,0.288,0.2,0.0,0.0,0.24,0.24,1.2,,0,0,0,1.0,1.0,50,,,5
"REAL AWS: client-side post-filter baseline (unfiltered query + local filter), B=100",aws_postfilter_baseline,F01,5,100.0,,50,0.1,50,100,0,0.016,0.004,0.032,0.0,0.0,0.0,0.016,0.016,0.08,,0,0,0,1.0,1.0,50,,,50
"REAL AWS: client-side post-filter baseline (unfiltered query + local filter), B=1000",aws_postfilter_baseline,F01,5,1000.0,,50,0.1,50,99,1,0.262,0.186,0.33805,0.2,0.0,0.0,0.262,0.262,1.28282828,,0,0,0,0.979591837,0.979591837,49,,,50
"REAL AWS: client-side post-filter baseline (unfiltered query + local filter), B=10000",aws_postfilter_baseline,F01,5,10000.0,,50,0.1,50,100,0,0.924,0.888,0.952,1.0,0.6,0.68,1.0,1.0,5.0,,0,0,0,1.0,1.0,50,,,50
"REAL AWS: client-side post-filter baseline (unfiltered query + local filter), B=100",aws_postfilter_baseline,F01,10,100.0,,50,0.1,50,100,0,0.008,0.002,0.01605,0.0,0.0,0.0,0.008,0.008,0.08,,0,0,0,1.0,1.0,50,,,50
"REAL AWS: client-side post-filter baseline (unfiltered query + local filter), B=1000",aws_postfilter_baseline,F01,10,1000.0,,50,0.1,50,99,1,0.131,0.098,0.168,0.1,0.0,0.0,0.131,0.131,1.28282828,,0,0,0,0.979591837,0.979591837,49,,,50
"REAL AWS: client-side post-filter baseline (unfiltered query + local filter), B=10000",aws_postfilter_baseline,F01,10,10000.0,,50,0.1,50,100,0,0.836,0.798,0.87205,0.8,0.5,0.22,0.92,0.92,9.2,,0,0,0,1.0,1.0,50,,,50
"REAL AWS: client-side post-filter baseline (unfiltered query + local filter), B=100",aws_postfilter_baseline,F01,20,100.0,,50,0.1,50,100,0,0.004,0.000975,0.008,0.0,0.0,0.0,0.004,0.004,0.08,,0,0,0,1.0,1.0,50,,,50
"REAL AWS: client-side post-filter baseline (unfiltered query + local filter), B=1000",aws_postfilter_baseline,F01,20,1000.0,,50,0.1,50,99,1,0.0655,0.048,0.083,0.05,0.0,0.0,0.0655,0.0655,1.28282828,,0,0,0,0.979591837,0.979591837,49,,,50
"REAL AWS: client-side post-filter baseline (unfiltered query + local filter), B=10000",aws_postfilter_baseline,F01,20,10000.0,,50,0.1,50,100,0,0.541,0.503,0.578025,0.55,0.25,0.0,0.543,0.543,10.86,,0,0,0,1.0,1.0,50,,,50
"REAL AWS: client-side post-filter baseline (unfiltered query + local filter), B=100",aws_postfilter_baseline,F01,50,100.0,,50,0.1,50,100,0,0.0016,0.0004,0.0032,0.0,0.0,0.0,0.0016,0.0016,0.08,,0,0,0,1.0,1.0,50,,,50
"REAL AWS: client-side post-filter baseline (unfiltered query + local filter), B=1000",aws_postfilter_baseline,F01,50,1000.0,,50,0.1,50,99,1,0.0262,0.019795,0.033205,0.02,0.0,0.0,0.0262,0.0262,1.28282828,,0,0,0,0.979591837,0.979591837,49,,,50
"REAL AWS: client-side post-filter baseline (unfiltered query + local filter), B=10000",aws_postfilter_baseline,F01,50,10000.0,,50,0.1,50,100,0,0.2172,0.2008,0.23161,0.22,0.1,0.0,0.2172,0.2172,10.86,,0,0,0,1.0,1.0,50,,,50
"REAL AWS: client-side post-filter baseline (unfiltered query + local filter), B=100",aws_postfilter_baseline,F1,5,100.0,,500,1.0,50,100,0,0.22,0.1679,0.2761,0.2,0.0,0.0,0.22,0.22,1.1,,0,0,0,1.0,1.0,50,,,500
"REAL AWS: client-side post-filter baseline (unfiltered query + local filter), B=1000",aws_postfilter_baseline,F1,5,1000.0,,500,1.0,50,99,1,0.992,0.98,1.0,1.0,0.8,0.96,1.0,1.0,5.0,,0,0,0,1.0,1.0,49,,,500
"REAL AWS: client-side post-filter baseline (unfiltered query + local filter), B=10000",aws_postfilter_baseline,F1,5,10000.0,,500,1.0,50,100,0,0.992,0.98,1.0,1.0,0.8,0.96,1.0,1.0,5.0,,0,0,0,1.0,1.0,50,,,500
"REAL AWS: client-side post-filter baseline (unfiltered query + local filter), B=100",aws_postfilter_baseline,F1,10,100.0,,500,1.0,50,100,0,0.11,0.082,0.134,0.1,0.0,0.0,0.11,0.11,1.1,,0,0,0,1.0,1.0,50,,,500
"REAL AWS: client-side post-filter baseline (unfiltered query + local filter), B=1000",aws_postfilter_baseline,F1,10,1000.0,,500,1.0,50,99,1,0.904,0.87,0.936,1.0,0.6,0.52,0.914,0.914,9.13131313,,0,0,0,1.0,1.0,49,,,500
"REAL AWS: client-side post-filter baseline (unfiltered query + local filter), B=10000",aws_postfilter_baseline,F1,10,10000.0,,500,1.0,50,100,0,0.974,0.954,0.99,1.0,0.7,0.82,1.0,1.0,10.0,,0,0,0,1.0,1.0,50,,,500
"REAL AWS: client-side post-filter baseline (unfiltered query + local filter), B=100",aws_postfilter_baseline,F1,20,100.0,,500,1.0,50,100,0,0.055,0.041,0.069,0.05,0.0,0.0,0.055,0.055,1.1,,0,0,0,1.0,1.0,50,,,500
"REAL AWS: client-side post-filter baseline (unfiltered query + local filter), B=1000",aws_postfilter_baseline,F1,20,1000.0,,500,1.0,50,99,1,0.5155,0.4814875,0.5515,0.5,0.3,0.0,0.5155,0.5155,10.3131313,,0,0,0,0.979591837,0.998144712,49,,,500
"REAL AWS: client-side post-filter baseline (unfiltered query + local filter), B=10000",aws_postfilter_baseline,F1,20,10000.0,,500,1.0,50,100,0,0.949,0.929,0.966,0.95,0.7,0.44,1.0,1.0,20.0,,0,0,0,1.0,1.0,50,,,500
"REAL AWS: client-side post-filter baseline (unfiltered query + local filter), B=100",aws_postfilter_baseline,F1,50,100.0,,500,1.0,50,100,0,0.022,0.0164,0.0276,0.02,0.0,0.0,0.022,0.022,1.1,,0,0,0,1.0,1.0,50,,,500
"REAL AWS: client-side post-filter baseline (unfiltered query + local filter), B=1000",aws_postfilter_baseline,F1,50,1000.0,,500,1.0,50,99,1,0.2062,0.192595,0.220005,0.2,0.12,0.0,0.2062,0.2062,10.3131313,,0,0,0,0.979591837,0.998144712,49,,,500
"REAL AWS: client-side post-filter baseline (unfiltered query + local filter), B=10000",aws_postfilter_baseline,F1,50,10000.0,,500,1.0,50,100,0,0.9108,0.89359,0.9264,0.92,0.72,0.02,1.0,1.0,50.0,,0,0,0,1.0,1.0,50,,,500
"REAL AWS: client-side post-filter baseline (unfiltered query + local filter), B=100",aws_postfilter_baseline,F10,5,100.0,,5000,10.0,50,100,0,0.992,0.98,1.0,1.0,0.8,0.96,0.996,0.996,4.98,,0,0,2,1.0,1.0,50,,,5000
"REAL AWS: client-side post-filter baseline (unfiltered query + local filter), B=1000",aws_postfilter_baseline,F10,5,1000.0,,5000,10.0,50,99,1,0.996,0.988,1.0,1.0,0.8,0.98,1.0,1.0,5.0,,0,0,2,1.0,1.0,49,,,5000
"REAL AWS: client-side post-filter baseline (unfiltered query + local filter), B=10000",aws_postfilter_baseline,F10,5,10000.0,,5000,10.0,50,100,0,0.996,0.988,1.0,1.0,0.8,0.98,1.0,1.0,5.0,,0,0,2,1.0,1.0,50,,,5000
"REAL AWS: client-side post-filter baseline (unfiltered query + local filter), B=100",aws_postfilter_baseline,F10,10,100.0,,5000,10.0,50,100,0,0.858,0.816,0.898,0.9,0.4,0.42,0.862,0.862,8.62,,0,0,0,1.0,1.0,50,,,5000
"REAL AWS: client-side post-filter baseline (unfiltered query + local filter), B=1000",aws_postfilter_baseline,F10,10,1000.0,,5000,10.0,50,99,1,0.992,0.984,0.998,1.0,0.9,0.92,1.0,1.0,10.0,,0,0,0,1.0,1.0,49,,,5000
"REAL AWS: client-side post-filter baseline (unfiltered query + local filter), B=10000",aws_postfilter_baseline,F10,10,10000.0,,5000,10.0,50,100,0,0.992,0.982,0.998,1.0,0.9,0.92,1.0,1.0,10.0,,0,0,0,1.0,1.0,50,,,5000
"REAL AWS: client-side post-filter baseline (unfiltered query + local filter), B=100",aws_postfilter_baseline,F10,20,100.0,,5000,10.0,50,100,0,0.473,0.434,0.508025,0.45,0.2,0.0,0.473,0.473,9.46,,0,0,0,1.0,1.0,50,,,5000
"REAL AWS: client-side post-filter baseline (unfiltered query + local filter), B=1000",aws_postfilter_baseline,F10,20,1000.0,,5000,10.0,50,99,1,0.997,0.993,1.0,1.0,0.95,0.94,1.0,1.0,20.0,,0,0,0,1.0,1.0,49,,,5000
"REAL AWS: client-side post-filter baseline (unfiltered query + local filter), B=10000",aws_postfilter_baseline,F10,20,10000.0,,5000,10.0,50,100,0,0.997,0.994,1.0,1.0,0.95,0.94,1.0,1.0,20.0,,0,0,0,1.0,1.0,50,,,5000
"REAL AWS: client-side post-filter baseline (unfiltered query + local filter), B=100",aws_postfilter_baseline,F10,50,100.0,,5000,10.0,50,100,0,0.1892,0.1744,0.204,0.18,0.08,0.0,0.1892,0.1892,9.46,,0,0,0,1.0,1.0,50,,,5000
"REAL AWS: client-side post-filter baseline (unfiltered query + local filter), B=1000",aws_postfilter_baseline,F10,50,1000.0,,5000,10.0,50,99,1,0.996,0.9936,0.9984,1.0,0.96,0.82,1.0,1.0,50.0,,0,0,0,1.0,1.0,49,,,5000
"REAL AWS: client-side post-filter baseline (unfiltered query + local filter), B=10000",aws_postfilter_baseline,F10,50,10000.0,,5000,10.0,50,100,0,0.996,0.9932,0.998,1.0,0.96,0.82,1.0,1.0,50.0,,0,0,0,1.0,1.0,50,,,5000
"REAL AWS: client-side post-filter baseline (unfiltered query + local filter), B=100",aws_postfilter_baseline,F50,5,100.0,,25000,50.0,50,100,0,0.988,0.972,1.0,1.0,0.8,0.94,1.0,1.0,5.0,,0,0,0,1.0,1.0,50,,,25000
"REAL AWS: client-side post-filter baseline (unfiltered query + local filter), B=1000",aws_postfilter_baseline,F50,5,1000.0,,25000,50.0,50,99,1,0.988,0.976,1.0,1.0,0.8,0.94,1.0,1.0,5.0,,0,0,0,1.0,1.0,49,,,25000
"REAL AWS: client-side post-filter baseline (unfiltered query + local filter), B=10000",aws_postfilter_baseline,F50,5,10000.0,,25000,50.0,50,100,0,0.988,0.9759,1.0,1.0,0.8,0.94,1.0,1.0,5.0,,0,0,0,1.0,1.0,50,,,25000
"REAL AWS: client-side post-filter baseline (unfiltered query + local filter), B=100",aws_postfilter_baseline,F50,10,100.0,,25000,50.0,50,100,0,0.984,0.974,0.994,1.0,0.9,0.84,1.0,1.0,10.0,,0,0,0,1.0,1.0,50,,,25000
"REAL AWS: client-side post-filter baseline (unfiltered query + local filter), B=1000",aws_postfilter_baseline,F50,10,1000.0,,25000,50.0,50,99,1,0.984,0.972,0.992,1.0,0.9,0.84,1.0,1.0,10.0,,0,0,0,1.0,1.0,49,,,25000
"REAL AWS: client-side post-filter baseline (unfiltered query + local filter), B=10000",aws_postfilter_baseline,F50,10,10000.0,,25000,50.0,50,100,0,0.984,0.972,0.994,1.0,0.9,0.84,1.0,1.0,10.0,,0,0,0,1.0,1.0,50,,,25000
"REAL AWS: client-side post-filter baseline (unfiltered query + local filter), B=100",aws_postfilter_baseline,F50,20,100.0,,25000,50.0,50,100,0,0.988,0.981,0.994,1.0,0.9,0.78,1.0,1.0,20.0,,0,0,0,1.0,1.0,50,,,25000
"REAL AWS: client-side post-filter baseline (unfiltered query + local filter), B=1000",aws_postfilter_baseline,F50,20,1000.0,,25000,50.0,50,99,1,0.988,0.981,0.994,1.0,0.9,0.78,1.0,1.0,20.0,,0,0,0,1.0,1.0,49,,,25000
"REAL AWS: client-side post-filter baseline (unfiltered query + local filter), B=10000",aws_postfilter_baseline,F50,20,10000.0,,25000,50.0,50,100,0,0.988,0.981,0.994,1.0,0.9,0.78,1.0,1.0,20.0,,0,0,0,1.0,1.0,50,,,25000
"REAL AWS: client-side post-filter baseline (unfiltered query + local filter), B=100",aws_postfilter_baseline,F50,50,100.0,,25000,50.0,50,100,0,0.9488,0.9304,0.9664,0.98,0.72,0.3,0.9528,0.9528,47.64,,0,0,0,1.0,1.0,50,,,25000
"REAL AWS: client-side post-filter baseline (unfiltered query + local filter), B=1000",aws_postfilter_baseline,F50,50,1000.0,,25000,50.0,50,99,1,0.9912,0.9884,0.994,1.0,0.98,0.56,1.0,1.0,50.0,,0,0,0,1.0,1.0,49,,,25000
"REAL AWS: client-side post-filter baseline (unfiltered query + local filter), B=10000",aws_postfilter_baseline,F50,50,10000.0,,25000,50.0,50,100,0,0.9912,0.9884,0.994,1.0,0.98,0.56,1.0,1.0,50.0,,0,0,0,1.0,1.0,50,,,25000
"REAL AWS: client-side post-filter baseline (unfiltered query + local filter), B=100",aws_postfilter_baseline,FAND2,5,100.0,,135,0.27,50,100,0,0.068,0.04,0.104,0.0,0.0,0.0,0.068,0.068,0.34,,0,0,0,1.0,1.0,50,,,135
"REAL AWS: client-side post-filter baseline (unfiltered query + local filter), B=1000",aws_postfilter_baseline,FAND2,5,1000.0,,135,0.27,50,99,1,0.56,0.48,0.6321,0.6,0.0,0.12,0.56,0.56,2.7979798,,0,0,0,1.0,1.0,49,,,135
"REAL AWS: client-side post-filter baseline (unfiltered query + local filter), B=10000",aws_postfilter_baseline,FAND2,5,10000.0,,135,0.27,50,100,0,0.952,0.92,0.98,1.0,0.6,0.8,1.0,1.0,5.0,,0,0,0,1.0,1.0,50,,,135
"REAL AWS: client-side post-filter baseline (unfiltered query + local filter), B=100",aws_postfilter_baseline,FAND2,10,100.0,,135,0.27,50,100,0,0.034,0.02,0.052,0.0,0.0,0.0,0.034,0.034,0.34,,0,0,0,1.0,1.0,50,,,135
"REAL AWS: client-side post-filter baseline (unfiltered query + local filter), B=1000",aws_postfilter_baseline,FAND2,10,1000.0,,135,0.27,50,99,1,0.28,0.24,0.31805,0.3,0.0,0.0,0.28,0.28,2.7979798,,0,0,0,1.0,1.0,49,,,135
"REAL AWS: client-side post-filter baseline (unfiltered query + local filter), B=10000",aws_postfilter_baseline,FAND2,10,10000.0,,135,0.27,50,100,0,0.932,0.91,0.956,1.0,0.7,0.54,1.0,1.0,10.0,,0,0,0,1.0,1.0,50,,,135
"REAL AWS: client-side post-filter baseline (unfiltered query + local filter), B=100",aws_postfilter_baseline,FAND2,20,100.0,,135,0.27,50,100,0,0.017,0.009,0.026,0.0,0.0,0.0,0.017,0.017,0.34,,0,0,0,1.0,1.0,50,,,135
"REAL AWS: client-side post-filter baseline (unfiltered query + local filter), B=1000",aws_postfilter_baseline,FAND2,20,1000.0,,135,0.27,50,99,1,0.14,0.122975,0.16,0.15,0.0,0.0,0.14,0.14,2.7979798,,0,0,0,1.0,1.0,49,,,135
"REAL AWS: client-side post-filter baseline (unfiltered query + local filter), B=10000",aws_postfilter_baseline,FAND2,20,10000.0,,135,0.27,50,100,0,0.883,0.857,0.905,0.9,0.7,0.14,1.0,1.0,20.0,,0,0,0,1.0,1.0,50,,,135
"REAL AWS: client-side post-filter baseline (unfiltered query + local filter), B=100",aws_postfilter_baseline,FAND2,50,100.0,,135,0.27,50,100,0,0.0068,0.0036,0.01001,0.0,0.0,0.0,0.0068,0.0068,0.34,,0,0,0,1.0,1.0,50,,,135
"REAL AWS: client-side post-filter baseline (unfiltered query + local filter), B=1000",aws_postfilter_baseline,FAND2,50,1000.0,,135,0.27,50,99,1,0.056,0.04839,0.0636,0.06,0.0,0.0,0.056,0.056,2.7979798,,0,0,0,1.0,1.0,49,,,135
"REAL AWS: client-side post-filter baseline (unfiltered query + local filter), B=10000",aws_postfilter_baseline,FAND2,50,10000.0,,135,0.27,50,100,0,0.5564,0.5312,0.58121,0.52,0.4,0.0,0.5568,0.5568,27.84,,0,0,0,1.0,1.0,50,,,135
"REAL AWS: client-side post-filter baseline (unfiltered query + local filter), B=100",aws_postfilter_baseline,FAND3,5,100.0,,656,1.312,50,100,0,0.244,0.18,0.3121,0.2,0.0,0.02,0.244,0.244,1.22,,0,0,0,1.0,1.0,50,,,656
"REAL AWS: client-side post-filter baseline (unfiltered query + local filter), B=1000",aws_postfilter_baseline,FAND3,5,1000.0,,656,1.312,50,99,1,1.0,1.0,1.0,1.0,1.0,1.0,1.0,1.0,5.0,,0,0,0,1.0,1.0,49,,,656
"REAL AWS: client-side post-filter baseline (unfiltered query + local filter), B=10000",aws_postfilter_baseline,FAND3,5,10000.0,,656,1.312,50,100,0,1.0,1.0,1.0,1.0,1.0,1.0,1.0,1.0,5.0,,0,0,0,1.0,1.0,50,,,656
"REAL AWS: client-side post-filter baseline (unfiltered query + local filter), B=100",aws_postfilter_baseline,FAND3,10,100.0,,656,1.312,50,100,0,0.126,0.09,0.166,0.1,0.0,0.0,0.126,0.126,1.26,,0,0,0,1.0,1.0,50,,,656
"REAL AWS: client-side post-filter baseline (unfiltered query + local filter), B=1000",aws_postfilter_baseline,FAND3,10,1000.0,,656,1.312,50,99,1,0.964,0.938,0.986,1.0,0.5,0.78,0.974,0.974,9.73737374,,0,0,0,1.0,1.0,49,,,656
"REAL AWS: client-side post-filter baseline (unfiltered query + local filter), B=10000",aws_postfilter_baseline,FAND3,10,10000.0,,656,1.312,50,100,0,0.984,0.974,0.994,1.0,0.9,0.84,1.0,1.0,10.0,,0,0,0,1.0,1.0,50,,,656
"REAL AWS: client-side post-filter baseline (unfiltered query + local filter), B=100",aws_postfilter_baseline,FAND3,20,100.0,,656,1.312,50,100,0,0.063,0.045,0.084,0.05,0.0,0.0,0.063,0.063,1.26,,0,0,0,1.0,1.0,50,,,656
"REAL AWS: client-side post-filter baseline (unfiltered query + local filter), B=1000",aws_postfilter_baseline,FAND3,20,1000.0,,656,1.312,50,99,1,0.632,0.588,0.684,0.6,0.25,0.04,0.632,0.632,12.6565657,,0,0,0,1.0,1.0,49,,,656
"REAL AWS: client-side post-filter baseline (unfiltered query + local filter), B=10000",aws_postfilter_baseline,FAND3,20,10000.0,,656,1.312,50,100,0,0.959,0.943,0.973,0.95,0.75,0.46,1.0,1.0,20.0,,0,0,0,1.0,1.0,50,,,656
"REAL AWS: client-side post-filter baseline (unfiltered query + local filter), B=100",aws_postfilter_baseline,FAND3,50,100.0,,656,1.312,50,100,0,0.0252,0.01839,0.03361,0.02,0.0,0.0,0.0252,0.0252,1.26,,0,0,0,1.0,1.0,50,,,656
"REAL AWS: client-side post-filter baseline (unfiltered query + local filter), B=1000",aws_postfilter_baseline,FAND3,50,1000.0,,656,1.312,50,99,1,0.256,0.23559,0.27761,0.24,0.1,0.0,0.256,0.256,12.8181818,,0,0,0,1.0,1.0,49,,,656
"REAL AWS: client-side post-filter baseline (unfiltered query + local filter), B=10000",aws_postfilter_baseline,FAND3,50,10000.0,,656,1.312,50,100,0,0.9144,0.90079,0.928,0.92,0.76,0.04,1.0,1.0,50.0,,0,0,0,1.0,1.0,50,,,656
"REAL AWS: client-side post-filter baseline (unfiltered query + local filter), B=100",aws_postfilter_baseline,FFEW,5,100.0,,3,0.006,50,100,0,0.0133333333,0.0,0.0333333333,0.0,0.0,0.0,0.0133333333,0.0133333333,0.04,,0,0,0,1.0,1.0,50,,,3
"REAL AWS: client-side post-filter baseline (unfiltered query + local filter), B=1000",aws_postfilter_baseline,FFEW,5,1000.0,,3,0.006,50,99,1,0.0533333333,0.02,0.0866666667,0.0,0.0,0.0,0.0533333333,0.0533333333,0.161616162,,0,0,0,1.0,1.0,49,,,3
"REAL AWS: client-side post-filter baseline (unfiltered query + local filter), B=10000",aws_postfilter_baseline,FFEW,5,10000.0,,3,0.006,50,100,0,0.28,0.213333333,0.34,0.333333333,0.0,0.0,0.28,0.28,0.84,,0,0,0,1.0,1.0,50,,,3
"REAL AWS: client-side post-filter baseline (unfiltered query + local filter), B=100",aws_postfilter_baseline,FFEW,10,100.0,,3,0.006,50,100,0,0.0133333333,0.0,0.0333333333,0.0,0.0,0.0,0.0133333333,0.0133333333,0.04,,0,0,0,1.0,1.0,50,,,3
"REAL AWS: client-side post-filter baseline (unfiltered query + local filter), B=1000",aws_postfilter_baseline,FFEW,10,1000.0,,3,0.006,50,99,1,0.0533333333,0.02,0.0866666667,0.0,0.0,0.0,0.0533333333,0.0533333333,0.161616162,,0,0,0,1.0,1.0,49,,,3
"REAL AWS: client-side post-filter baseline (unfiltered query + local filter), B=10000",aws_postfilter_baseline,FFEW,10,10000.0,,3,0.006,50,100,0,0.28,0.22,0.346666667,0.333333333,0.0,0.0,0.28,0.28,0.84,,0,0,0,1.0,1.0,50,,,3
"REAL AWS: client-side post-filter baseline (unfiltered query + local filter), B=100",aws_postfilter_baseline,FFEW,20,100.0,,3,0.006,50,100,0,0.0133333333,0.0,0.0333333333,0.0,0.0,0.0,0.0133333333,0.0133333333,0.04,,0,0,0,1.0,1.0,50,,,3
"REAL AWS: client-side post-filter baseline (unfiltered query + local filter), B=1000",aws_postfilter_baseline,FFEW,20,1000.0,,3,0.006,50,99,1,0.0533333333,0.02,0.0933333333,0.0,0.0,0.0,0.0533333333,0.0533333333,0.161616162,,0,0,0,1.0,1.0,49,,,3
"REAL AWS: client-side post-filter baseline (unfiltered query + local filter), B=10000",aws_postfilter_baseline,FFEW,20,10000.0,,3,0.006,50,100,0,0.28,0.22,0.34,0.333333333,0.0,0.0,0.28,0.28,0.84,,0,0,0,1.0,1.0,50,,,3
"REAL AWS: client-side post-filter baseline (unfiltered query + local filter), B=100",aws_postfilter_baseline,FFEW,50,100.0,,3,0.006,50,100,0,0.0133333333,0.0,0.0333333333,0.0,0.0,0.0,0.0133333333,0.0133333333,0.04,,0,0,0,1.0,1.0,50,,,3
"REAL AWS: client-side post-filter baseline (unfiltered query + local filter), B=1000",aws_postfilter_baseline,FFEW,50,1000.0,,3,0.006,50,99,1,0.0533333333,0.02,0.0868333333,0.0,0.0,0.0,0.0533333333,0.0533333333,0.161616162,,0,0,0,1.0,1.0,49,,,3
"REAL AWS: client-side post-filter baseline (unfiltered query + local filter), B=10000",aws_postfilter_baseline,FFEW,50,10000.0,,3,0.006,50,100,0,0.28,0.22,0.333333333,0.333333333,0.0,0.0,0.28,0.28,0.84,,0,0,0,1.0,1.0,50,,,3
"REAL AWS: client-side post-filter baseline (unfiltered query + local filter), B=100",aws_postfilter_baseline,FONE,5,100.0,,1,0.002,50,100,0,0.0,0.0,0.0,0.0,0.0,0.0,0.0,0.0,0.0,,0,0,0,1.0,1.0,50,,,1
"REAL AWS: client-side post-filter baseline (unfiltered query + local filter), B=1000",aws_postfilter_baseline,FONE,5,1000.0,,1,0.002,50,99,1,0.0,0.0,0.0,0.0,0.0,0.0,0.0,0.0,0.0,,0,0,0,1.0,1.0,49,,,1
"REAL AWS: client-side post-filter baseline (unfiltered query + local filter), B=10000",aws_postfilter_baseline,FONE,5,10000.0,,1,0.002,50,100,0,0.42,0.28,0.56,0.0,0.0,0.42,0.42,0.42,0.42,,0,0,0,1.0,1.0,50,,,1
"REAL AWS: client-side post-filter baseline (unfiltered query + local filter), B=100",aws_postfilter_baseline,FONE,10,100.0,,1,0.002,50,100,0,0.0,0.0,0.0,0.0,0.0,0.0,0.0,0.0,0.0,,0,0,0,1.0,1.0,50,,,1
"REAL AWS: client-side post-filter baseline (unfiltered query + local filter), B=1000",aws_postfilter_baseline,FONE,10,1000.0,,1,0.002,50,99,1,0.0,0.0,0.0,0.0,0.0,0.0,0.0,0.0,0.0,,0,0,0,1.0,1.0,49,,,1
"REAL AWS: client-side post-filter baseline (unfiltered query + local filter), B=10000",aws_postfilter_baseline,FONE,10,10000.0,,1,0.002,50,100,0,0.42,0.28,0.56,0.0,0.0,0.42,0.42,0.42,0.42,,0,0,0,1.0,1.0,50,,,1
"REAL AWS: client-side post-filter baseline (unfiltered query + local filter), B=100",aws_postfilter_baseline,FONE,20,100.0,,1,0.002,50,100,0,0.0,0.0,0.0,0.0,0.0,0.0,0.0,0.0,0.0,,0,0,0,1.0,1.0,50,,,1
"REAL AWS: client-side post-filter baseline (unfiltered query + local filter), B=1000",aws_postfilter_baseline,FONE,20,1000.0,,1,0.002,50,99,1,0.0,0.0,0.0,0.0,0.0,0.0,0.0,0.0,0.0,,0,0,0,1.0,1.0,49,,,1
"REAL AWS: client-side post-filter baseline (unfiltered query + local filter), B=10000",aws_postfilter_baseline,FONE,20,10000.0,,1,0.002,50,100,0,0.42,0.28,0.56,0.0,0.0,0.42,0.42,0.42,0.42,,0,0,0,1.0,1.0,50,,,1
"REAL AWS: client-side post-filter baseline (unfiltered query + local filter), B=100",aws_postfilter_baseline,FONE,50,100.0,,1,0.002,50,100,0,0.0,0.0,0.0,0.0,0.0,0.0,0.0,0.0,0.0,,0,0,0,1.0,1.0,50,,,1
"REAL AWS: client-side post-filter baseline (unfiltered query + local filter), B=1000",aws_postfilter_baseline,FONE,50,1000.0,,1,0.002,50,99,1,0.0,0.0,0.0,0.0,0.0,0.0,0.0,0.0,0.0,,0,0,0,1.0,1.0,49,,,1
"REAL AWS: client-side post-filter baseline (unfiltered query + local filter), B=10000",aws_postfilter_baseline,FONE,50,10000.0,,1,0.002,50,100,0,0.42,0.28,0.56,0.0,0.0,0.42,0.42,0.42,0.42,,0,0,0,1.0,1.0,50,,,1
"REAL AWS: client-side post-filter baseline (unfiltered query + local filter), B=100",aws_postfilter_baseline,FZERO,5,100.0,,0,0.0,50,100,0,,,,,,,,,0.0,1.0,0,0,0,1.0,1.0,50,,,0
"REAL AWS: client-side post-filter baseline (unfiltered query + local filter), B=1000",aws_postfilter_baseline,FZERO,5,1000.0,,0,0.0,50,99,1,,,,,,,,,0.0,1.0,0,0,0,1.0,1.0,49,,,0
"REAL AWS: client-side post-filter baseline (unfiltered query + local filter), B=10000",aws_postfilter_baseline,FZERO,5,10000.0,,0,0.0,50,100,0,,,,,,,,,0.0,1.0,0,0,0,1.0,1.0,50,,,0
"REAL AWS: client-side post-filter baseline (unfiltered query + local filter), B=100",aws_postfilter_baseline,FZERO,10,100.0,,0,0.0,50,100,0,,,,,,,,,0.0,1.0,0,0,0,1.0,1.0,50,,,0
"REAL AWS: client-side post-filter baseline (unfiltered query + local filter), B=1000",aws_postfilter_baseline,FZERO,10,1000.0,,0,0.0,50,99,1,,,,,,,,,0.0,1.0,0,0,0,1.0,1.0,49,,,0
"REAL AWS: client-side post-filter baseline (unfiltered query + local filter), B=10000",aws_postfilter_baseline,FZERO,10,10000.0,,0,0.0,50,100,0,,,,,,,,,0.0,1.0,0,0,0,1.0,1.0,50,,,0
"REAL AWS: client-side post-filter baseline (unfiltered query + local filter), B=100",aws_postfilter_baseline,FZERO,20,100.0,,0,0.0,50,100,0,,,,,,,,,0.0,1.0,0,0,0,1.0,1.0,50,,,0
"REAL AWS: client-side post-filter baseline (unfiltered query + local filter), B=1000",aws_postfilter_baseline,FZERO,20,1000.0,,0,0.0,50,99,1,,,,,,,,,0.0,1.0,0,0,0,1.0,1.0,49,,,0
"REAL AWS: client-side post-filter baseline (unfiltered query + local filter), B=10000",aws_postfilter_baseline,FZERO,20,10000.0,,0,0.0,50,100,0,,,,,,,,,0.0,1.0,0,0,0,1.0,1.0,50,,,0
"REAL AWS: client-side post-filter baseline (unfiltered query + local filter), B=100",aws_postfilter_baseline,FZERO,50,100.0,,0,0.0,50,100,0,,,,,,,,,0.0,1.0,0,0,0,1.0,1.0,50,,,0
"REAL AWS: client-side post-filter baseline (unfiltered query + local filter), B=1000",aws_postfilter_baseline,FZERO,50,1000.0,,0,0.0,50,99,1,,,,,,,,,0.0,1.0,0,0,0,1.0,1.0,49,,,0
"REAL AWS: client-side post-filter baseline (unfiltered query + local filter), B=10000",aws_postfilter_baseline,FZERO,50,10000.0,,0,0.0,50,100,0,,,,,,,,,0.0,1.0,0,0,0,1.0,1.0,50,,,0
"SIMULATED: CLASSIC model (filter during search, budget C=500)",sim_classic,F001,5,,500.0,5,0.01,50,50,0,0.004,0.0,0.012,0.0,0.0,0.0,0.004,0.004,0.02,,0,0,0,,,0,500.0,0.02,5
"SIMULATED: CLASSIC model (filter during search, budget C=2000)",sim_classic,F001,5,,2000.0,5,0.01,50,50,0,0.028,0.012,0.048,0.0,0.0,0.0,0.028,0.028,0.14,,0,0,0,,,0,2000.0,0.14,5
"SIMULATED: CLASSIC model (filter during search, budget C=8000)",sim_classic,F001,5,,8000.0,5,0.01,50,50,0,0.148,0.112,0.188,0.2,0.0,0.0,0.148,0.148,0.74,,0,0,0,,,0,8000.0,0.74,5
"SIMULATED: CLASSIC model (filter during search, budget C=500)",sim_classic,F001,10,,500.0,5,0.01,50,50,0,0.004,0.0,0.012,0.0,0.0,0.0,0.004,0.004,0.02,,0,0,0,,,0,500.0,0.02,5
"SIMULATED: CLASSIC model (filter during search, budget C=2000)",sim_classic,F001,10,,2000.0,5,0.01,50,50,0,0.028,0.012,0.048,0.0,0.0,0.0,0.028,0.028,0.14,,0,0,0,,,0,2000.0,0.14,5
"SIMULATED: CLASSIC model (filter during search, budget C=8000)",sim_classic,F001,10,,8000.0,5,0.01,50,50,0,0.148,0.108,0.192,0.2,0.0,0.0,0.148,0.148,0.74,,0,0,0,,,0,8000.0,0.74,5
"SIMULATED: CLASSIC model (filter during search, budget C=500)",sim_classic,F001,20,,500.0,5,0.01,50,50,0,0.004,0.0,0.012,0.0,0.0,0.0,0.004,0.004,0.02,,0,0,0,,,0,500.0,0.02,5
"SIMULATED: CLASSIC model (filter during search, budget C=2000)",sim_classic,F001,20,,2000.0,5,0.01,50,50,0,0.028,0.0119,0.048,0.0,0.0,0.0,0.028,0.028,0.14,,0,0,0,,,0,2000.0,0.14,5
"SIMULATED: CLASSIC model (filter during search, budget C=8000)",sim_classic,F001,20,,8000.0,5,0.01,50,50,0,0.148,0.108,0.1881,0.2,0.0,0.0,0.148,0.148,0.74,,0,0,0,,,0,8000.0,0.74,5
"SIMULATED: CLASSIC model (filter during search, budget C=500)",sim_classic,F001,50,,500.0,5,0.01,50,50,0,0.004,0.0,0.012,0.0,0.0,0.0,0.004,0.004,0.02,,0,0,0,,,0,500.0,0.02,5
"SIMULATED: CLASSIC model (filter during search, budget C=2000)",sim_classic,F001,50,,2000.0,5,0.01,50,50,0,0.028,0.012,0.048,0.0,0.0,0.0,0.028,0.028,0.14,,0,0,0,,,0,2000.0,0.14,5
"SIMULATED: CLASSIC model (filter during search, budget C=8000)",sim_classic,F001,50,,8000.0,5,0.01,50,50,0,0.148,0.108,0.192,0.2,0.0,0.0,0.148,0.148,0.74,,0,0,0,,,0,8000.0,0.74,5
"SIMULATED: CLASSIC model (filter during search, budget C=500)",sim_classic,F01,5,,500.0,50,0.1,50,50,0,0.14,0.092,0.184,0.0,0.0,0.0,0.14,0.14,0.7,,0,0,0,,,0,500.0,0.7,50
"SIMULATED: CLASSIC model (filter during search, budget C=2000)",sim_classic,F01,5,,2000.0,50,0.1,50,50,0,0.42,0.352,0.492,0.4,0.0,0.06,0.452,0.452,2.26,,0,0,0,,,0,2000.0,2.26,50
"SIMULATED: CLASSIC model (filter during search, budget C=8000)",sim_classic,F01,5,,8000.0,50,0.1,50,50,0,0.932,0.8999,0.96,1.0,0.4,0.7,0.984,0.984,4.92,,0,0,0,,,0,8000.0,8.06,50
"SIMULATED: CLASSIC model (filter during search, budget C=500)",sim_classic,F01,10,,500.0,50,0.1,50,50,0,0.07,0.046,0.098,0.0,0.0,0.0,0.07,0.07,0.7,,0,0,0,,,0,500.0,0.7,50
"SIMULATED: CLASSIC model (filter during search, budget C=2000)",sim_classic,F01,10,,2000.0,50,0.1,50,50,0,0.226,0.184,0.264,0.2,0.0,0.0,0.226,0.226,2.26,,0,0,0,,,0,2000.0,2.26,50
"SIMULATED: CLASSIC model (filter during search, budget C=8000)",sim_classic,F01,10,,8000.0,50,0.1,50,50,0,0.718,0.668,0.764,0.7,0.2,0.08,0.776,0.776,7.76,,0,0,0,,,0,8000.0,8.06,50
"SIMULATED: CLASSIC model (filter during search, budget C=500)",sim_classic,F01,20,,500.0,50,0.1,50,50,0,0.035,0.023,0.048,0.0,0.0,0.0,0.035,0.035,0.7,,0,0,0,,,0,500.0,0.7,50
"SIMULATED: CLASSIC model (filter during search, budget C=2000)",sim_classic,F01,20,,2000.0,50,0.1,50,50,0,0.113,0.094,0.134,0.1,0.0,0.0,0.113,0.113,2.26,,0,0,0,,,0,2000.0,2.26,50
"SIMULATED: CLASSIC model (filter during search, budget C=8000)",sim_classic,F01,20,,8000.0,50,0.1,50,50,0,0.401,0.368,0.432025,0.4,0.1,0.0,0.403,0.403,8.06,,0,0,0,,,0,8000.0,8.06,50
"SIMULATED: CLASSIC model (filter during search, budget C=500)",sim_classic,F01,50,,500.0,50,0.1,50,50,0,0.014,0.0092,0.0196,0.0,0.0,0.0,0.014,0.014,0.7,,0,0,0,,,0,500.0,0.7,50
"SIMULATED: CLASSIC model (filter during search, budget C=2000)",sim_classic,F01,50,,2000.0,50,0.1,50,50,0,0.0452,0.0376,0.05281,0.04,0.0,0.0,0.0452,0.0452,2.26,,0,0,0,,,0,2000.0,2.26,50
"SIMULATED: CLASSIC model (filter during search, budget C=8000)",sim_classic,F01,50,,8000.0,50,0.1,50,50,0,0.1612,0.1484,0.174,0.16,0.04,0.0,0.1612,0.1612,8.06,,0,0,0,,,0,8000.0,8.06,50
"SIMULATED: CLASSIC model (filter during search, budget C=500)",sim_classic,F1,5,,500.0,500,1.0,50,50,0,0.696,0.652,0.74,0.7,0.4,0.1,0.896,0.896,4.48,,0,0,0,,,0,500.0,5.3,500
"SIMULATED: CLASSIC model (filter during search, budget C=2000)",sim_classic,F1,5,,2000.0,500,1.0,50,50,0,1.0,1.0,1.0,1.0,1.0,1.0,1.0,1.0,5.0,,0,0,0,,,0,2000.0,19.96,500
"SIMULATED: CLASSIC model (filter during search, budget C=8000)",sim_classic,F1,5,,8000.0,500,1.0,50,50,0,1.0,1.0,1.0,1.0,1.0,1.0,1.0,1.0,5.0,,0,0,0,,,0,8000.0,80.24,500
"SIMULATED: CLASSIC model (filter during search, budget C=500)",sim_classic,F1,10,,500.0,500,1.0,50,50,0,0.506,0.47,0.54,0.5,0.3,0.0,0.528,0.528,5.28,,0,0,0,,,0,500.0,5.3,500
"SIMULATED: CLASSIC model (filter during search, budget C=2000)",sim_classic,F1,10,,2000.0,500,1.0,50,50,0,0.956,0.938,0.972,1.0,0.8,0.62,1.0,1.0,10.0,,0,0,0,,,0,2000.0,19.96,500
"SIMULATED: CLASSIC model (filter during search, budget C=8000)",sim_classic,F1,10,,8000.0,500,1.0,50,50,0,1.0,1.0,1.0,1.0,1.0,1.0,1.0,1.0,10.0,,0,0,0,,,0,8000.0,80.24,500
"SIMULATED: CLASSIC model (filter during search, budget C=500)",sim_classic,F1,20,,500.0,500,1.0,50,50,0,0.265,0.242975,0.291,0.25,0.15,0.0,0.265,0.265,5.3,,0,0,0,,,0,500.0,5.3,500
"SIMULATED: CLASSIC model (filter during search, budget C=2000)",sim_classic,F1,20,,2000.0,500,1.0,50,50,0,0.748,0.713,0.784,0.75,0.5,0.04,0.925,0.925,18.5,,0,0,0,,,0,2000.0,19.96,500
"SIMULATED: CLASSIC model (filter during search, budget C=8000)",sim_classic,F1,20,,8000.0,500,1.0,50,50,0,0.99,0.982,0.997,1.0,0.85,0.84,1.0,1.0,20.0,,0,0,0,,,0,8000.0,80.24,500
"SIMULATED: CLASSIC model (filter during search, budget C=500)",sim_classic,F1,50,,500.0,500,1.0,50,50,0,0.106,0.0964,0.1156,0.1,0.06,0.0,0.106,0.106,5.3,,0,0,0,,,0,500.0,5.3,500
"SIMULATED: CLASSIC model (filter during search, budget C=2000)",sim_classic,F1,50,,2000.0,500,1.0,50,50,0,0.38,0.3608,0.4,0.38,0.24,0.0,0.3992,0.3992,19.96,,0,0,0,,,0,2000.0,19.96,500
"SIMULATED: CLASSIC model (filter during search, budget C=8000)",sim_classic,F1,50,,8000.0,500,1.0,50,50,0,0.9316,0.9156,0.9464,0.94,0.78,0.14,1.0,1.0,50.0,,0,0,0,,,0,8000.0,80.24,500
"SIMULATED: CLASSIC model (filter during search, budget C=500)",sim_classic,F10,5,,500.0,5000,10.0,50,50,0,0.804,0.76,0.8441,0.8,0.4,0.3,1.0,1.0,5.0,,0,0,1,,,0,500.0,47.64,5000
"SIMULATED: CLASSIC model (filter during search, budget C=2000)",sim_classic,F10,5,,2000.0,5000,10.0,50,50,0,1.0,1.0,1.0,1.0,1.0,1.0,1.0,1.0,5.0,,0,0,1,,,0,2000.0,194.64,5000
"SIMULATED: CLASSIC model (filter during search, budget C=8000)",sim_classic,F10,5,,8000.0,5000,10.0,50,50,0,1.0,1.0,1.0,1.0,1.0,1.0,1.0,1.0,5.0,,0,0,1,,,0,8000.0,792.46,5000
"SIMULATED: CLASSIC model (filter during search, budget C=500)",sim_classic,F10,10,,500.0,5000,10.0,50,50,0,0.768,0.734,0.804,0.8,0.5,0.04,1.0,1.0,10.0,,0,0,0,,,0,500.0,47.64,5000
"SIMULATED: CLASSIC model (filter during search, budget C=2000)",sim_classic,F10,10,,2000.0,5000,10.0,50,50,0,1.0,1.0,1.0,1.0,1.0,1.0,1.0,1.0,10.0,,0,0,0,,,0,2000.0,194.64,5000
"SIMULATED: CLASSIC model (filter during search, budget C=8000)",sim_classic,F10,10,,8000.0,5000,10.0,50,50,0,1.0,1.0,1.0,1.0,1.0,1.0,1.0,1.0,10.0,,0,0,0,,,0,8000.0,792.46,5000
"SIMULATED: CLASSIC model (filter during search, budget C=500)",sim_classic,F10,20,,500.0,5000,10.0,50,50,0,0.722,0.697,0.748025,0.75,0.5,0.02,1.0,1.0,20.0,,0,0,0,,,0,500.0,47.64,5000
"SIMULATED: CLASSIC model (filter during search, budget C=2000)",sim_classic,F10,20,,2000.0,5000,10.0,50,50,0,1.0,1.0,1.0,1.0,1.0,1.0,1.0,1.0,20.0,,0,0,0,,,0,2000.0,194.64,5000
"SIMULATED: CLASSIC model (filter during search, budget C=8000)",sim_classic,F10,20,,8000.0,5000,10.0,50,50,0,1.0,1.0,1.0,1.0,1.0,1.0,1.0,1.0,20.0,,0,0,0,,,0,8000.0,792.46,5000
"SIMULATED: CLASSIC model (filter during search, budget C=500)",sim_classic,F10,50,,500.0,5000,10.0,50,50,0,0.6808,0.66,0.70161,0.68,0.54,0.0,0.924,0.924,46.2,,0,0,0,,,0,500.0,47.64,5000
"SIMULATED: CLASSIC model (filter during search, budget C=2000)",sim_classic,F10,50,,2000.0,5000,10.0,50,50,0,1.0,1.0,1.0,1.0,1.0,1.0,1.0,1.0,50.0,,0,0,0,,,0,2000.0,194.64,5000
"SIMULATED: CLASSIC model (filter during search, budget C=8000)",sim_classic,F10,50,,8000.0,5000,10.0,50,50,0,1.0,1.0,1.0,1.0,1.0,1.0,1.0,1.0,50.0,,0,0,0,,,0,8000.0,792.46,5000
"SIMULATED: CLASSIC model (filter during search, budget C=500)",sim_classic,F50,5,,500.0,25000,50.0,50,50,0,0.828,0.78,0.876,0.8,0.4,0.38,1.0,1.0,5.0,,0,0,0,,,0,500.0,249.52,25000
"SIMULATED: CLASSIC model (filter during search, budget C=2000)",sim_classic,F50,5,,2000.0,25000,50.0,50,50,0,1.0,1.0,1.0,1.0,1.0,1.0,1.0,1.0,5.0,,0,0,0,,,0,2000.0,1001.84,25000
"SIMULATED: CLASSIC model (filter during search, budget C=8000)",sim_classic,F50,5,,8000.0,25000,50.0,50,50,0,1.0,1.0,1.0,1.0,1.0,1.0,1.0,1.0,5.0,,0,0,0,,,0,8000.0,4001.98,25000
"SIMULATED: CLASSIC model (filter during search, budget C=500)",sim_classic,F50,10,,500.0,25000,50.0,50,50,0,0.824,0.782,0.864,0.8,0.5,0.28,1.0,1.0,10.0,,0,0,0,,,0,500.0,249.52,25000
"SIMULATED: CLASSIC model (filter during search, budget C=2000)",sim_classic,F50,10,,2000.0,25000,50.0,50,50,0,1.0,1.0,1.0,1.0,1.0,1.0,1.0,1.0,10.0,,0,0,0,,,0,2000.0,1001.84,25000
"SIMULATED: CLASSIC model (filter during search, budget C=8000)",sim_classic,F50,10,,8000.0,25000,50.0,50,50,0,1.0,1.0,1.0,1.0,1.0,1.0,1.0,1.0,10.0,,0,0,0,,,0,8000.0,4001.98,25000
"SIMULATED: CLASSIC model (filter during search, budget C=500)",sim_classic,F50,20,,500.0,25000,50.0,50,50,0,0.808,0.776975,0.838,0.8,0.6,0.08,1.0,1.0,20.0,,0,0,0,,,0,500.0,249.52,25000
"SIMULATED: CLASSIC model (filter during search, budget C=2000)",sim_classic,F50,20,,2000.0,25000,50.0,50,50,0,1.0,1.0,1.0,1.0,1.0,1.0,1.0,1.0,20.0,,0,0,0,,,0,2000.0,1001.84,25000
"SIMULATED: CLASSIC model (filter during search, budget C=8000)",sim_classic,F50,20,,8000.0,25000,50.0,50,50,0,1.0,1.0,1.0,1.0,1.0,1.0,1.0,1.0,20.0,,0,0,0,,,0,8000.0,4001.98,25000
"SIMULATED: CLASSIC model (filter during search, budget C=500)",sim_classic,F50,50,,500.0,25000,50.0,50,50,0,0.782,0.7604,0.8044,0.77,0.66,0.0,1.0,1.0,50.0,,0,0,0,,,0,500.0,249.52,25000
"SIMULATED: CLASSIC model (filter during search, budget C=2000)",sim_classic,F50,50,,2000.0,25000,50.0,50,50,0,1.0,1.0,1.0,1.0,1.0,1.0,1.0,1.0,50.0,,0,0,0,,,0,2000.0,1001.84,25000
"SIMULATED: CLASSIC model (filter during search, budget C=8000)",sim_classic,F50,50,,8000.0,25000,50.0,50,50,0,1.0,1.0,1.0,1.0,1.0,1.0,1.0,1.0,50.0,,0,0,0,,,0,8000.0,4001.98,25000
"SIMULATED: CLASSIC model (filter during search, budget C=500)",sim_classic,FAND2,5,,500.0,135,0.27,50,50,0,0.288,0.2359,0.348,0.2,0.0,0.0,0.288,0.288,1.44,,0,0,0,,,0,500.0,1.44,135
"SIMULATED: CLASSIC model (filter during search, budget C=2000)",sim_classic,FAND2,5,,2000.0,135,0.27,50,50,0,0.8,0.736,0.86,0.8,0.2,0.46,0.9,0.9,4.5,,0,0,0,,,0,2000.0,5.7,135
"SIMULATED: CLASSIC model (filter during search, budget C=8000)",sim_classic,FAND2,5,,8000.0,135,0.27,50,50,0,1.0,1.0,1.0,1.0,1.0,1.0,1.0,1.0,5.0,,0,0,0,,,0,8000.0,22.18,135
"SIMULATED: CLASSIC model (filter during search, budget C=500)",sim_classic,FAND2,10,,500.0,135,0.27,50,50,0,0.144,0.116,0.172,0.1,0.0,0.0,0.144,0.144,1.44,,0,0,0,,,0,500.0,1.44,135
"SIMULATED: CLASSIC model (filter during search, budget C=2000)",sim_classic,FAND2,10,,2000.0,135,0.27,50,50,0,0.5,0.454,0.546,0.5,0.1,0.0,0.568,0.568,5.68,,0,0,0,,,0,2000.0,5.7,135
"SIMULATED: CLASSIC model (filter during search, budget C=8000)",sim_classic,FAND2,10,,8000.0,135,0.27,50,50,0,0.974,0.96,0.986,1.0,0.8,0.76,1.0,1.0,10.0,,0,0,0,,,0,8000.0,22.18,135
"SIMULATED: CLASSIC model (filter during search, budget C=500)",sim_classic,FAND2,20,,500.0,135,0.27,50,50,0,0.072,0.059,0.086,0.05,0.0,0.0,0.072,0.072,1.44,,0,0,0,,,0,500.0,1.44,135
"SIMULATED: CLASSIC model (filter during search, budget C=2000)",sim_classic,FAND2,20,,2000.0,135,0.27,50,50,0,0.28,0.25,0.31,0.3,0.05,0.0,0.285,0.285,5.7,,0,0,0,,,0,2000.0,5.7,135
"SIMULATED: CLASSIC model (filter during search, budget C=8000)",sim_classic,FAND2,20,,8000.0,135,0.27,50,50,0,0.851,0.822,0.878,0.85,0.6,0.1,0.972,0.972,19.44,,0,0,0,,,0,8000.0,22.18,135
"SIMULATED: CLASSIC model (filter during search, budget C=500)",sim_classic,FAND2,50,,500.0,135,0.27,50,50,0,0.0288,0.02359,0.03401,0.02,0.0,0.0,0.0288,0.0288,1.44,,0,0,0,,,0,500.0,1.44,135
"SIMULATED: CLASSIC model (filter during search, budget C=2000)",sim_classic,FAND2,50,,2000.0,135,0.27,50,50,0,0.114,0.1024,0.12561,0.12,0.02,0.0,0.114,0.114,5.7,,0,0,0,,,0,2000.0,5.7,135
"SIMULATED: CLASSIC model (filter during search, budget C=8000)",sim_classic,FAND2,50,,8000.0,135,0.27,50,50,0,0.4408,0.41999,0.46241,0.42,0.3,0.0,0.4436,0.4436,22.18,,0,0,0,,,0,8000.0,22.18,135
"SIMULATED: CLASSIC model (filter during search, budget C=500)",sim_classic,FAND3,5,,500.0,656,1.312,50,50,0,0.684,0.6319,0.74,0.6,0.2,0.16,0.936,0.936,4.68,,0,0,0,,,0,500.0,6.6,656
"SIMULATED: CLASSIC model (filter during search, budget C=2000)",sim_classic,FAND3,5,,2000.0,656,1.312,50,50,0,0.996,0.988,1.0,1.0,0.8,0.98,1.0,1.0,5.0,,0,0,0,,,0,2000.0,25.8,656
"SIMULATED: CLASSIC model (filter during search, budget C=8000)",sim_classic,FAND3,5,,8000.0,656,1.312,50,50,0,1.0,1.0,1.0,1.0,1.0,1.0,1.0,1.0,5.0,,0,0,0,,,0,8000.0,104.7,656
"SIMULATED: CLASSIC model (filter during search, budget C=500)",sim_classic,FAND3,10,,500.0,656,1.312,50,50,0,0.594,0.546,0.638,0.6,0.2,0.0,0.636,0.636,6.36,,0,0,0,,,0,500.0,6.6,656
"SIMULATED: CLASSIC model (filter during search, budget C=2000)",sim_classic,FAND3,10,,2000.0,656,1.312,50,50,0,0.978,0.95795,0.994,1.0,0.6,0.88,1.0,1.0,10.0,,0,0,0,,,0,2000.0,25.8,656
"SIMULATED: CLASSIC model (filter during search, budget C=8000)",sim_classic,FAND3,10,,8000.0,656,1.312,50,50,0,1.0,1.0,1.0,1.0,1.0,1.0,1.0,1.0,10.0,,0,0,0,,,0,8000.0,104.7,656
"SIMULATED: CLASSIC model (filter during search, budget C=500)",sim_classic,FAND3,20,,500.0,656,1.312,50,50,0,0.33,0.296975,0.365025,0.3,0.1,0.0,0.33,0.33,6.6,,0,0,0,,,0,500.0,6.6,656
"SIMULATED: CLASSIC model (filter during search, budget C=2000)",sim_classic,FAND3,20,,2000.0,656,1.312,50,50,0,0.842,0.808,0.878,0.85,0.45,0.2,1.0,1.0,20.0,,0,0,0,,,0,2000.0,25.8,656
"SIMULATED: CLASSIC model (filter during search, budget C=8000)",sim_classic,FAND3,20,,8000.0,656,1.312,50,50,0,0.999,0.997,1.0,1.0,0.95,0.98,1.0,1.0,20.0,,0,0,0,,,0,8000.0,104.7,656
"SIMULATED: CLASSIC model (filter during search, budget C=500)",sim_classic,FAND3,50,,500.0,656,1.312,50,50,0,0.132,0.1184,0.14641,0.12,0.04,0.0,0.132,0.132,6.6,,0,0,0,,,0,500.0,6.6,656
"SIMULATED: CLASSIC model (filter during search, budget C=2000)",sim_classic,FAND3,50,,2000.0,656,1.312,50,50,0,0.482,0.4612,0.504,0.48,0.3,0.0,0.516,0.516,25.8,,0,0,0,,,0,2000.0,25.8,656
"SIMULATED: CLASSIC model (filter during search, budget C=8000)",sim_classic,FAND3,50,,8000.0,656,1.312,50,50,0,0.97,0.9592,0.97881,0.98,0.86,0.4,1.0,1.0,50.0,,0,0,0,,,0,8000.0,104.7,656
"SIMULATED: CLASSIC model (filter during search, budget C=500)",sim_classic,FFEW,5,,500.0,3,0.006,50,50,0,0.0333333333,0.00666666667,0.06,0.0,0.0,0.0,0.0333333333,0.0333333333,0.1,,0,0,0,,,0,500.0,0.1,3
"SIMULATED: CLASSIC model (filter during search, budget C=2000)",sim_classic,FFEW,5,,2000.0,3,0.006,50,50,0,0.0666666667,0.0333333333,0.106666667,0.0,0.0,0.0,0.0666666667,0.0666666667,0.2,,0,0,0,,,0,2000.0,0.2,3
"SIMULATED: CLASSIC model (filter during search, budget C=8000)",sim_classic,FFEW,5,,8000.0,3,0.006,50,50,0,0.173333333,0.12,0.226666667,0.0,0.0,0.0,0.173333333,0.173333333,0.52,,0,0,0,,,0,8000.0,0.52,3
"SIMULATED: CLASSIC model (filter during search, budget C=500)",sim_classic,FFEW,10,,500.0,3,0.006,50,50,0,0.0333333333,0.00666666667,0.06,0.0,0.0,0.0,0.0333333333,0.0333333333,0.1,,0,0,0,,,0,500.0,0.1,3
"SIMULATED: CLASSIC model (filter during search, budget C=2000)",sim_classic,FFEW,10,,2000.0,3,0.006,50,50,0,0.0666666667,0.0333333333,0.106666667,0.0,0.0,0.0,0.0666666667,0.0666666667,0.2,,0,0,0,,,0,2000.0,0.2,3
"SIMULATED: CLASSIC model (filter during search, budget C=8000)",sim_classic,FFEW,10,,8000.0,3,0.006,50,50,0,0.173333333,0.12,0.226666667,0.0,0.0,0.0,0.173333333,0.173333333,0.52,,0,0,0,,,0,8000.0,0.52,3
"SIMULATED: CLASSIC model (filter during search, budget C=500)",sim_classic,FFEW,20,,500.0,3,0.006,50,50,0,0.0333333333,0.00666666667,0.0666666667,0.0,0.0,0.0,0.0333333333,0.0333333333,0.1,,0,0,0,,,0,500.0,0.1,3
"SIMULATED: CLASSIC model (filter during search, budget C=2000)",sim_classic,FFEW,20,,2000.0,3,0.006,50,50,0,0.0666666667,0.0333333333,0.106666667,0.0,0.0,0.0,0.0666666667,0.0666666667,0.2,,0,0,0,,,0,2000.0,0.2,3
"SIMULATED: CLASSIC model (filter during search, budget C=8000)",sim_classic,FFEW,20,,8000.0,3,0.006,50,50,0,0.173333333,0.12,0.233333333,0.0,0.0,0.0,0.173333333,0.173333333,0.52,,0,0,0,,,0,8000.0,0.52,3
"SIMULATED: CLASSIC model (filter during search, budget C=500)",sim_classic,FFEW,50,,500.0,3,0.006,50,50,0,0.0333333333,0.00666666667,0.0666666667,0.0,0.0,0.0,0.0333333333,0.0333333333,0.1,,0,0,0,,,0,500.0,0.1,3
"SIMULATED: CLASSIC model (filter during search, budget C=2000)",sim_classic,FFEW,50,,2000.0,3,0.006,50,50,0,0.0666666667,0.0333333333,0.106666667,0.0,0.0,0.0,0.0666666667,0.0666666667,0.2,,0,0,0,,,0,2000.0,0.2,3
"SIMULATED: CLASSIC model (filter during search, budget C=8000)",sim_classic,FFEW,50,,8000.0,3,0.006,50,50,0,0.173333333,0.12,0.226666667,0.0,0.0,0.0,0.173333333,0.173333333,0.52,,0,0,0,,,0,8000.0,0.52,3
"SIMULATED: CLASSIC model (filter during search, budget C=500)",sim_classic,FONE,5,,500.0,1,0.002,50,50,0,0.0,0.0,0.0,0.0,0.0,0.0,0.0,0.0,0.0,,0,0,0,,,0,500.0,0.0,1
"SIMULATED: CLASSIC model (filter during search, budget C=2000)",sim_classic,FONE,5,,2000.0,1,0.002,50,50,0,0.02,0.0,0.06,0.0,0.0,0.02,0.02,0.02,0.02,,0,0,0,,,0,2000.0,0.02,1
"SIMULATED: CLASSIC model (filter during search, budget C=8000)",sim_classic,FONE,5,,8000.0,1,0.002,50,50,0,0.26,0.14,0.38,0.0,0.0,0.26,0.26,0.26,0.26,,0,0,0,,,0,8000.0,0.26,1
"SIMULATED: CLASSIC model (filter during search, budget C=500)",sim_classic,FONE,10,,500.0,1,0.002,50,50,0,0.0,0.0,0.0,0.0,0.0,0.0,0.0,0.0,0.0,,0,0,0,,,0,500.0,0.0,1
"SIMULATED: CLASSIC model (filter during search, budget C=2000)",sim_classic,FONE,10,,2000.0,1,0.002,50,50,0,0.02,0.0,0.06,0.0,0.0,0.02,0.02,0.02,0.02,,0,0,0,,,0,2000.0,0.02,1
"SIMULATED: CLASSIC model (filter during search, budget C=8000)",sim_classic,FONE,10,,8000.0,1,0.002,50,50,0,0.26,0.14,0.38,0.0,0.0,0.26,0.26,0.26,0.26,,0,0,0,,,0,8000.0,0.26,1
"SIMULATED: CLASSIC model (filter during search, budget C=500)",sim_classic,FONE,20,,500.0,1,0.002,50,50,0,0.0,0.0,0.0,0.0,0.0,0.0,0.0,0.0,0.0,,0,0,0,,,0,500.0,0.0,1
"SIMULATED: CLASSIC model (filter during search, budget C=2000)",sim_classic,FONE,20,,2000.0,1,0.002,50,50,0,0.02,0.0,0.06,0.0,0.0,0.02,0.02,0.02,0.02,,0,0,0,,,0,2000.0,0.02,1
"SIMULATED: CLASSIC model (filter during search, budget C=8000)",sim_classic,FONE,20,,8000.0,1,0.002,50,50,0,0.26,0.1595,0.38,0.0,0.0,0.26,0.26,0.26,0.26,,0,0,0,,,0,8000.0,0.26,1
"SIMULATED: CLASSIC model (filter during search, budget C=500)",sim_classic,FONE,50,,500.0,1,0.002,50,50,0,0.0,0.0,0.0,0.0,0.0,0.0,0.0,0.0,0.0,,0,0,0,,,0,500.0,0.0,1
"SIMULATED: CLASSIC model (filter during search, budget C=2000)",sim_classic,FONE,50,,2000.0,1,0.002,50,50,0,0.02,0.0,0.08,0.0,0.0,0.02,0.02,0.02,0.02,,0,0,0,,,0,2000.0,0.02,1
"SIMULATED: CLASSIC model (filter during search, budget C=8000)",sim_classic,FONE,50,,8000.0,1,0.002,50,50,0,0.26,0.16,0.38,0.0,0.0,0.26,0.26,0.26,0.26,,0,0,0,,,0,8000.0,0.26,1
"SIMULATED: CLASSIC model (filter during search, budget C=500)",sim_classic,FZERO,5,,500.0,0,0.0,50,50,0,,,,,,,,,0.0,1.0,0,0,0,,,0,500.0,0.0,0
"SIMULATED: CLASSIC model (filter during search, budget C=2000)",sim_classic,FZERO,5,,2000.0,0,0.0,50,50,0,,,,,,,,,0.0,1.0,0,0,0,,,0,2000.0,0.0,0
"SIMULATED: CLASSIC model (filter during search, budget C=8000)",sim_classic,FZERO,5,,8000.0,0,0.0,50,50,0,,,,,,,,,0.0,1.0,0,0,0,,,0,8000.0,0.0,0
"SIMULATED: CLASSIC model (filter during search, budget C=500)",sim_classic,FZERO,10,,500.0,0,0.0,50,50,0,,,,,,,,,0.0,1.0,0,0,0,,,0,500.0,0.0,0
"SIMULATED: CLASSIC model (filter during search, budget C=2000)",sim_classic,FZERO,10,,2000.0,0,0.0,50,50,0,,,,,,,,,0.0,1.0,0,0,0,,,0,2000.0,0.0,0
"SIMULATED: CLASSIC model (filter during search, budget C=8000)",sim_classic,FZERO,10,,8000.0,0,0.0,50,50,0,,,,,,,,,0.0,1.0,0,0,0,,,0,8000.0,0.0,0
"SIMULATED: CLASSIC model (filter during search, budget C=500)",sim_classic,FZERO,20,,500.0,0,0.0,50,50,0,,,,,,,,,0.0,1.0,0,0,0,,,0,500.0,0.0,0
"SIMULATED: CLASSIC model (filter during search, budget C=2000)",sim_classic,FZERO,20,,2000.0,0,0.0,50,50,0,,,,,,,,,0.0,1.0,0,0,0,,,0,2000.0,0.0,0
"SIMULATED: CLASSIC model (filter during search, budget C=8000)",sim_classic,FZERO,20,,8000.0,0,0.0,50,50,0,,,,,,,,,0.0,1.0,0,0,0,,,0,8000.0,0.0,0
"SIMULATED: CLASSIC model (filter during search, budget C=500)",sim_classic,FZERO,50,,500.0,0,0.0,50,50,0,,,,,,,,,0.0,1.0,0,0,0,,,0,500.0,0.0,0
"SIMULATED: CLASSIC model (filter during search, budget C=2000)",sim_classic,FZERO,50,,2000.0,0,0.0,50,50,0,,,,,,,,,0.0,1.0,0,0,0,,,0,2000.0,0.0,0
"SIMULATED: CLASSIC model (filter during search, budget C=8000)",sim_classic,FZERO,50,,8000.0,0,0.0,50,50,0,,,,,,,,,0.0,1.0,0,0,0,,,0,8000.0,0.0,0
"SIMULATED: ENHANCED model (filter first, budget C=500)",sim_enhanced,F001,5,,500.0,5,0.01,50,50,0,1.0,1.0,1.0,1.0,1.0,1.0,1.0,1.0,5.0,,0,0,0,,,0,5.0,5.0,5
"SIMULATED: ENHANCED model (filter first, budget C=2000)",sim_enhanced,F001,5,,2000.0,5,0.01,50,50,0,1.0,1.0,1.0,1.0,1.0,1.0,1.0,1.0,5.0,,0,0,0,,,0,5.0,5.0,5
"SIMULATED: ENHANCED model (filter first, budget C=8000)",sim_enhanced,F001,5,,8000.0,5,0.01,50,50,0,1.0,1.0,1.0,1.0,1.0,1.0,1.0,1.0,5.0,,0,0,0,,,0,5.0,5.0,5
"SIMULATED: ENHANCED model (filter first, budget C=500)",sim_enhanced,F001,10,,500.0,5,0.01,50,50,0,1.0,1.0,1.0,1.0,1.0,1.0,1.0,1.0,5.0,,0,0,0,,,0,5.0,5.0,5
"SIMULATED: ENHANCED model (filter first, budget C=2000)",sim_enhanced,F001,10,,2000.0,5,0.01,50,50,0,1.0,1.0,1.0,1.0,1.0,1.0,1.0,1.0,5.0,,0,0,0,,,0,5.0,5.0,5
"SIMULATED: ENHANCED model (filter first, budget C=8000)",sim_enhanced,F001,10,,8000.0,5,0.01,50,50,0,1.0,1.0,1.0,1.0,1.0,1.0,1.0,1.0,5.0,,0,0,0,,,0,5.0,5.0,5
"SIMULATED: ENHANCED model (filter first, budget C=500)",sim_enhanced,F001,20,,500.0,5,0.01,50,50,0,1.0,1.0,1.0,1.0,1.0,1.0,1.0,1.0,5.0,,0,0,0,,,0,5.0,5.0,5
"SIMULATED: ENHANCED model (filter first, budget C=2000)",sim_enhanced,F001,20,,2000.0,5,0.01,50,50,0,1.0,1.0,1.0,1.0,1.0,1.0,1.0,1.0,5.0,,0,0,0,,,0,5.0,5.0,5
"SIMULATED: ENHANCED model (filter first, budget C=8000)",sim_enhanced,F001,20,,8000.0,5,0.01,50,50,0,1.0,1.0,1.0,1.0,1.0,1.0,1.0,1.0,5.0,,0,0,0,,,0,5.0,5.0,5
"SIMULATED: ENHANCED model (filter first, budget C=500)",sim_enhanced,F001,50,,500.0,5,0.01,50,50,0,1.0,1.0,1.0,1.0,1.0,1.0,1.0,1.0,5.0,,0,0,0,,,0,5.0,5.0,5
"SIMULATED: ENHANCED model (filter first, budget C=2000)",sim_enhanced,F001,50,,2000.0,5,0.01,50,50,0,1.0,1.0,1.0,1.0,1.0,1.0,1.0,1.0,5.0,,0,0,0,,,0,5.0,5.0,5
"SIMULATED: ENHANCED model (filter first, budget C=8000)",sim_enhanced,F001,50,,8000.0,5,0.01,50,50,0,1.0,1.0,1.0,1.0,1.0,1.0,1.0,1.0,5.0,,0,0,0,,,0,5.0,5.0,5
"SIMULATED: ENHANCED model (filter first, budget C=500)",sim_enhanced,F01,5,,500.0,50,0.1,50,50,0,1.0,1.0,1.0,1.0,1.0,1.0,1.0,1.0,5.0,,0,0,0,,,0,50.0,50.0,50
"SIMULATED: ENHANCED model (filter first, budget C=2000)",sim_enhanced,F01,5,,2000.0,50,0.1,50,50,0,1.0,1.0,1.0,1.0,1.0,1.0,1.0,1.0,5.0,,0,0,0,,,0,50.0,50.0,50
"SIMULATED: ENHANCED model (filter first, budget C=8000)",sim_enhanced,F01,5,,8000.0,50,0.1,50,50,0,1.0,1.0,1.0,1.0,1.0,1.0,1.0,1.0,5.0,,0,0,0,,,0,50.0,50.0,50
"SIMULATED: ENHANCED model (filter first, budget C=500)",sim_enhanced,F01,10,,500.0,50,0.1,50,50,0,1.0,1.0,1.0,1.0,1.0,1.0,1.0,1.0,10.0,,0,0,0,,,0,50.0,50.0,50
"SIMULATED: ENHANCED model (filter first, budget C=2000)",sim_enhanced,F01,10,,2000.0,50,0.1,50,50,0,1.0,1.0,1.0,1.0,1.0,1.0,1.0,1.0,10.0,,0,0,0,,,0,50.0,50.0,50
"SIMULATED: ENHANCED model (filter first, budget C=8000)",sim_enhanced,F01,10,,8000.0,50,0.1,50,50,0,1.0,1.0,1.0,1.0,1.0,1.0,1.0,1.0,10.0,,0,0,0,,,0,50.0,50.0,50
"SIMULATED: ENHANCED model (filter first, budget C=500)",sim_enhanced,F01,20,,500.0,50,0.1,50,50,0,1.0,1.0,1.0,1.0,1.0,1.0,1.0,1.0,20.0,,0,0,0,,,0,50.0,50.0,50
"SIMULATED: ENHANCED model (filter first, budget C=2000)",sim_enhanced,F01,20,,2000.0,50,0.1,50,50,0,1.0,1.0,1.0,1.0,1.0,1.0,1.0,1.0,20.0,,0,0,0,,,0,50.0,50.0,50
"SIMULATED: ENHANCED model (filter first, budget C=8000)",sim_enhanced,F01,20,,8000.0,50,0.1,50,50,0,1.0,1.0,1.0,1.0,1.0,1.0,1.0,1.0,20.0,,0,0,0,,,0,50.0,50.0,50
"SIMULATED: ENHANCED model (filter first, budget C=500)",sim_enhanced,F01,50,,500.0,50,0.1,50,50,0,1.0,1.0,1.0,1.0,1.0,1.0,1.0,1.0,50.0,,0,0,0,,,0,50.0,50.0,50
"SIMULATED: ENHANCED model (filter first, budget C=2000)",sim_enhanced,F01,50,,2000.0,50,0.1,50,50,0,1.0,1.0,1.0,1.0,1.0,1.0,1.0,1.0,50.0,,0,0,0,,,0,50.0,50.0,50
"SIMULATED: ENHANCED model (filter first, budget C=8000)",sim_enhanced,F01,50,,8000.0,50,0.1,50,50,0,1.0,1.0,1.0,1.0,1.0,1.0,1.0,1.0,50.0,,0,0,0,,,0,50.0,50.0,50
"SIMULATED: ENHANCED model (filter first, budget C=500)",sim_enhanced,F1,5,,500.0,500,1.0,50,50,0,1.0,1.0,1.0,1.0,1.0,1.0,1.0,1.0,5.0,,0,0,0,,,0,500.0,500.0,500
"SIMULATED: ENHANCED model (filter first, budget C=2000)",sim_enhanced,F1,5,,2000.0,500,1.0,50,50,0,1.0,1.0,1.0,1.0,1.0,1.0,1.0,1.0,5.0,,0,0,0,,,0,500.0,500.0,500
"SIMULATED: ENHANCED model (filter first, budget C=8000)",sim_enhanced,F1,5,,8000.0,500,1.0,50,50,0,1.0,1.0,1.0,1.0,1.0,1.0,1.0,1.0,5.0,,0,0,0,,,0,500.0,500.0,500
"SIMULATED: ENHANCED model (filter first, budget C=500)",sim_enhanced,F1,10,,500.0,500,1.0,50,50,0,1.0,1.0,1.0,1.0,1.0,1.0,1.0,1.0,10.0,,0,0,0,,,0,500.0,500.0,500
"SIMULATED: ENHANCED model (filter first, budget C=2000)",sim_enhanced,F1,10,,2000.0,500,1.0,50,50,0,1.0,1.0,1.0,1.0,1.0,1.0,1.0,1.0,10.0,,0,0,0,,,0,500.0,500.0,500
"SIMULATED: ENHANCED model (filter first, budget C=8000)",sim_enhanced,F1,10,,8000.0,500,1.0,50,50,0,1.0,1.0,1.0,1.0,1.0,1.0,1.0,1.0,10.0,,0,0,0,,,0,500.0,500.0,500
"SIMULATED: ENHANCED model (filter first, budget C=500)",sim_enhanced,F1,20,,500.0,500,1.0,50,50,0,1.0,1.0,1.0,1.0,1.0,1.0,1.0,1.0,20.0,,0,0,0,,,0,500.0,500.0,500
"SIMULATED: ENHANCED model (filter first, budget C=2000)",sim_enhanced,F1,20,,2000.0,500,1.0,50,50,0,1.0,1.0,1.0,1.0,1.0,1.0,1.0,1.0,20.0,,0,0,0,,,0,500.0,500.0,500
"SIMULATED: ENHANCED model (filter first, budget C=8000)",sim_enhanced,F1,20,,8000.0,500,1.0,50,50,0,1.0,1.0,1.0,1.0,1.0,1.0,1.0,1.0,20.0,,0,0,0,,,0,500.0,500.0,500
"SIMULATED: ENHANCED model (filter first, budget C=500)",sim_enhanced,F1,50,,500.0,500,1.0,50,50,0,1.0,1.0,1.0,1.0,1.0,1.0,1.0,1.0,50.0,,0,0,0,,,0,500.0,500.0,500
"SIMULATED: ENHANCED model (filter first, budget C=2000)",sim_enhanced,F1,50,,2000.0,500,1.0,50,50,0,1.0,1.0,1.0,1.0,1.0,1.0,1.0,1.0,50.0,,0,0,0,,,0,500.0,500.0,500
"SIMULATED: ENHANCED model (filter first, budget C=8000)",sim_enhanced,F1,50,,8000.0,500,1.0,50,50,0,1.0,1.0,1.0,1.0,1.0,1.0,1.0,1.0,50.0,,0,0,0,,,0,500.0,500.0,500
"SIMULATED: ENHANCED model (filter first, budget C=500)",sim_enhanced,F10,5,,500.0,5000,10.0,50,50,0,1.0,1.0,1.0,1.0,1.0,1.0,1.0,1.0,5.0,,0,0,1,,,0,500.0,500.0,5000
"SIMULATED: ENHANCED model (filter first, budget C=2000)",sim_enhanced,F10,5,,2000.0,5000,10.0,50,50,0,1.0,1.0,1.0,1.0,1.0,1.0,1.0,1.0,5.0,,0,0,1,,,0,2000.0,2000.0,5000
"SIMULATED: ENHANCED model (filter first, budget C=8000)",sim_enhanced,F10,5,,8000.0,5000,10.0,50,50,0,1.0,1.0,1.0,1.0,1.0,1.0,1.0,1.0,5.0,,0,0,1,,,0,5000.0,5000.0,5000
"SIMULATED: ENHANCED model (filter first, budget C=500)",sim_enhanced,F10,10,,500.0,5000,10.0,50,50,0,1.0,1.0,1.0,1.0,1.0,1.0,1.0,1.0,10.0,,0,0,0,,,0,500.0,500.0,5000
"SIMULATED: ENHANCED model (filter first, budget C=2000)",sim_enhanced,F10,10,,2000.0,5000,10.0,50,50,0,1.0,1.0,1.0,1.0,1.0,1.0,1.0,1.0,10.0,,0,0,0,,,0,2000.0,2000.0,5000
"SIMULATED: ENHANCED model (filter first, budget C=8000)",sim_enhanced,F10,10,,8000.0,5000,10.0,50,50,0,1.0,1.0,1.0,1.0,1.0,1.0,1.0,1.0,10.0,,0,0,0,,,0,5000.0,5000.0,5000
"SIMULATED: ENHANCED model (filter first, budget C=500)",sim_enhanced,F10,20,,500.0,5000,10.0,50,50,0,1.0,1.0,1.0,1.0,1.0,1.0,1.0,1.0,20.0,,0,0,0,,,0,500.0,500.0,5000
"SIMULATED: ENHANCED model (filter first, budget C=2000)",sim_enhanced,F10,20,,2000.0,5000,10.0,50,50,0,1.0,1.0,1.0,1.0,1.0,1.0,1.0,1.0,20.0,,0,0,0,,,0,2000.0,2000.0,5000
"SIMULATED: ENHANCED model (filter first, budget C=8000)",sim_enhanced,F10,20,,8000.0,5000,10.0,50,50,0,1.0,1.0,1.0,1.0,1.0,1.0,1.0,1.0,20.0,,0,0,0,,,0,5000.0,5000.0,5000
"SIMULATED: ENHANCED model (filter first, budget C=500)",sim_enhanced,F10,50,,500.0,5000,10.0,50,50,0,1.0,1.0,1.0,1.0,1.0,1.0,1.0,1.0,50.0,,0,0,0,,,0,500.0,500.0,5000
"SIMULATED: ENHANCED model (filter first, budget C=2000)",sim_enhanced,F10,50,,2000.0,5000,10.0,50,50,0,1.0,1.0,1.0,1.0,1.0,1.0,1.0,1.0,50.0,,0,0,0,,,0,2000.0,2000.0,5000
"SIMULATED: ENHANCED model (filter first, budget C=8000)",sim_enhanced,F10,50,,8000.0,5000,10.0,50,50,0,1.0,1.0,1.0,1.0,1.0,1.0,1.0,1.0,50.0,,0,0,0,,,0,5000.0,5000.0,5000
"SIMULATED: ENHANCED model (filter first, budget C=500)",sim_enhanced,F50,5,,500.0,25000,50.0,50,50,0,1.0,1.0,1.0,1.0,1.0,1.0,1.0,1.0,5.0,,0,0,0,,,0,500.0,500.0,25000
"SIMULATED: ENHANCED model (filter first, budget C=2000)",sim_enhanced,F50,5,,2000.0,25000,50.0,50,50,0,1.0,1.0,1.0,1.0,1.0,1.0,1.0,1.0,5.0,,0,0,0,,,0,2000.0,2000.0,25000
"SIMULATED: ENHANCED model (filter first, budget C=8000)",sim_enhanced,F50,5,,8000.0,25000,50.0,50,50,0,1.0,1.0,1.0,1.0,1.0,1.0,1.0,1.0,5.0,,0,0,0,,,0,8000.0,8000.0,25000
"SIMULATED: ENHANCED model (filter first, budget C=500)",sim_enhanced,F50,10,,500.0,25000,50.0,50,50,0,1.0,1.0,1.0,1.0,1.0,1.0,1.0,1.0,10.0,,0,0,0,,,0,500.0,500.0,25000
"SIMULATED: ENHANCED model (filter first, budget C=2000)",sim_enhanced,F50,10,,2000.0,25000,50.0,50,50,0,1.0,1.0,1.0,1.0,1.0,1.0,1.0,1.0,10.0,,0,0,0,,,0,2000.0,2000.0,25000
"SIMULATED: ENHANCED model (filter first, budget C=8000)",sim_enhanced,F50,10,,8000.0,25000,50.0,50,50,0,1.0,1.0,1.0,1.0,1.0,1.0,1.0,1.0,10.0,,0,0,0,,,0,8000.0,8000.0,25000
"SIMULATED: ENHANCED model (filter first, budget C=500)",sim_enhanced,F50,20,,500.0,25000,50.0,50,50,0,1.0,1.0,1.0,1.0,1.0,1.0,1.0,1.0,20.0,,0,0,0,,,0,500.0,500.0,25000
"SIMULATED: ENHANCED model (filter first, budget C=2000)",sim_enhanced,F50,20,,2000.0,25000,50.0,50,50,0,1.0,1.0,1.0,1.0,1.0,1.0,1.0,1.0,20.0,,0,0,0,,,0,2000.0,2000.0,25000
"SIMULATED: ENHANCED model (filter first, budget C=8000)",sim_enhanced,F50,20,,8000.0,25000,50.0,50,50,0,1.0,1.0,1.0,1.0,1.0,1.0,1.0,1.0,20.0,,0,0,0,,,0,8000.0,8000.0,25000
"SIMULATED: ENHANCED model (filter first, budget C=500)",sim_enhanced,F50,50,,500.0,25000,50.0,50,50,0,1.0,1.0,1.0,1.0,1.0,1.0,1.0,1.0,50.0,,0,0,0,,,0,500.0,500.0,25000
"SIMULATED: ENHANCED model (filter first, budget C=2000)",sim_enhanced,F50,50,,2000.0,25000,50.0,50,50,0,1.0,1.0,1.0,1.0,1.0,1.0,1.0,1.0,50.0,,0,0,0,,,0,2000.0,2000.0,25000
"SIMULATED: ENHANCED model (filter first, budget C=8000)",sim_enhanced,F50,50,,8000.0,25000,50.0,50,50,0,1.0,1.0,1.0,1.0,1.0,1.0,1.0,1.0,50.0,,0,0,0,,,0,8000.0,8000.0,25000
"SIMULATED: ENHANCED model (filter first, budget C=500)",sim_enhanced,FAND2,5,,500.0,135,0.27,50,50,0,1.0,1.0,1.0,1.0,1.0,1.0,1.0,1.0,5.0,,0,0,0,,,0,135.0,135.0,135
"SIMULATED: ENHANCED model (filter first, budget C=2000)",sim_enhanced,FAND2,5,,2000.0,135,0.27,50,50,0,1.0,1.0,1.0,1.0,1.0,1.0,1.0,1.0,5.0,,0,0,0,,,0,135.0,135.0,135
"SIMULATED: ENHANCED model (filter first, budget C=8000)",sim_enhanced,FAND2,5,,8000.0,135,0.27,50,50,0,1.0,1.0,1.0,1.0,1.0,1.0,1.0,1.0,5.0,,0,0,0,,,0,135.0,135.0,135
"SIMULATED: ENHANCED model (filter first, budget C=500)",sim_enhanced,FAND2,10,,500.0,135,0.27,50,50,0,1.0,1.0,1.0,1.0,1.0,1.0,1.0,1.0,10.0,,0,0,0,,,0,135.0,135.0,135
"SIMULATED: ENHANCED model (filter first, budget C=2000)",sim_enhanced,FAND2,10,,2000.0,135,0.27,50,50,0,1.0,1.0,1.0,1.0,1.0,1.0,1.0,1.0,10.0,,0,0,0,,,0,135.0,135.0,135
"SIMULATED: ENHANCED model (filter first, budget C=8000)",sim_enhanced,FAND2,10,,8000.0,135,0.27,50,50,0,1.0,1.0,1.0,1.0,1.0,1.0,1.0,1.0,10.0,,0,0,0,,,0,135.0,135.0,135
"SIMULATED: ENHANCED model (filter first, budget C=500)",sim_enhanced,FAND2,20,,500.0,135,0.27,50,50,0,1.0,1.0,1.0,1.0,1.0,1.0,1.0,1.0,20.0,,0,0,0,,,0,135.0,135.0,135
"SIMULATED: ENHANCED model (filter first, budget C=2000)",sim_enhanced,FAND2,20,,2000.0,135,0.27,50,50,0,1.0,1.0,1.0,1.0,1.0,1.0,1.0,1.0,20.0,,0,0,0,,,0,135.0,135.0,135
"SIMULATED: ENHANCED model (filter first, budget C=8000)",sim_enhanced,FAND2,20,,8000.0,135,0.27,50,50,0,1.0,1.0,1.0,1.0,1.0,1.0,1.0,1.0,20.0,,0,0,0,,,0,135.0,135.0,135
"SIMULATED: ENHANCED model (filter first, budget C=500)",sim_enhanced,FAND2,50,,500.0,135,0.27,50,50,0,1.0,1.0,1.0,1.0,1.0,1.0,1.0,1.0,50.0,,0,0,0,,,0,135.0,135.0,135
"SIMULATED: ENHANCED model (filter first, budget C=2000)",sim_enhanced,FAND2,50,,2000.0,135,0.27,50,50,0,1.0,1.0,1.0,1.0,1.0,1.0,1.0,1.0,50.0,,0,0,0,,,0,135.0,135.0,135
"SIMULATED: ENHANCED model (filter first, budget C=8000)",sim_enhanced,FAND2,50,,8000.0,135,0.27,50,50,0,1.0,1.0,1.0,1.0,1.0,1.0,1.0,1.0,50.0,,0,0,0,,,0,135.0,135.0,135
"SIMULATED: ENHANCED model (filter first, budget C=500)",sim_enhanced,FAND3,5,,500.0,656,1.312,50,50,0,1.0,1.0,1.0,1.0,1.0,1.0,1.0,1.0,5.0,,0,0,0,,,0,500.0,500.0,656
"SIMULATED: ENHANCED model (filter first, budget C=2000)",sim_enhanced,FAND3,5,,2000.0,656,1.312,50,50,0,1.0,1.0,1.0,1.0,1.0,1.0,1.0,1.0,5.0,,0,0,0,,,0,656.0,656.0,656
"SIMULATED: ENHANCED model (filter first, budget C=8000)",sim_enhanced,FAND3,5,,8000.0,656,1.312,50,50,0,1.0,1.0,1.0,1.0,1.0,1.0,1.0,1.0,5.0,,0,0,0,,,0,656.0,656.0,656
"SIMULATED: ENHANCED model (filter first, budget C=500)",sim_enhanced,FAND3,10,,500.0,656,1.312,50,50,0,1.0,1.0,1.0,1.0,1.0,1.0,1.0,1.0,10.0,,0,0,0,,,0,500.0,500.0,656
"SIMULATED: ENHANCED model (filter first, budget C=2000)",sim_enhanced,FAND3,10,,2000.0,656,1.312,50,50,0,1.0,1.0,1.0,1.0,1.0,1.0,1.0,1.0,10.0,,0,0,0,,,0,656.0,656.0,656
"SIMULATED: ENHANCED model (filter first, budget C=8000)",sim_enhanced,FAND3,10,,8000.0,656,1.312,50,50,0,1.0,1.0,1.0,1.0,1.0,1.0,1.0,1.0,10.0,,0,0,0,,,0,656.0,656.0,656
"SIMULATED: ENHANCED model (filter first, budget C=500)",sim_enhanced,FAND3,20,,500.0,656,1.312,50,50,0,1.0,1.0,1.0,1.0,1.0,1.0,1.0,1.0,20.0,,0,0,0,,,0,500.0,500.0,656
"SIMULATED: ENHANCED model (filter first, budget C=2000)",sim_enhanced,FAND3,20,,2000.0,656,1.312,50,50,0,1.0,1.0,1.0,1.0,1.0,1.0,1.0,1.0,20.0,,0,0,0,,,0,656.0,656.0,656
"SIMULATED: ENHANCED model (filter first, budget C=8000)",sim_enhanced,FAND3,20,,8000.0,656,1.312,50,50,0,1.0,1.0,1.0,1.0,1.0,1.0,1.0,1.0,20.0,,0,0,0,,,0,656.0,656.0,656
"SIMULATED: ENHANCED model (filter first, budget C=500)",sim_enhanced,FAND3,50,,500.0,656,1.312,50,50,0,1.0,1.0,1.0,1.0,1.0,1.0,1.0,1.0,50.0,,0,0,0,,,0,500.0,500.0,656
"SIMULATED: ENHANCED model (filter first, budget C=2000)",sim_enhanced,FAND3,50,,2000.0,656,1.312,50,50,0,1.0,1.0,1.0,1.0,1.0,1.0,1.0,1.0,50.0,,0,0,0,,,0,656.0,656.0,656
"SIMULATED: ENHANCED model (filter first, budget C=8000)",sim_enhanced,FAND3,50,,8000.0,656,1.312,50,50,0,1.0,1.0,1.0,1.0,1.0,1.0,1.0,1.0,50.0,,0,0,0,,,0,656.0,656.0,656
"SIMULATED: ENHANCED model (filter first, budget C=500)",sim_enhanced,FFEW,5,,500.0,3,0.006,50,50,0,1.0,1.0,1.0,1.0,1.0,1.0,1.0,1.0,3.0,,0,0,0,,,0,3.0,3.0,3
"SIMULATED: ENHANCED model (filter first, budget C=2000)",sim_enhanced,FFEW,5,,2000.0,3,0.006,50,50,0,1.0,1.0,1.0,1.0,1.0,1.0,1.0,1.0,3.0,,0,0,0,,,0,3.0,3.0,3
"SIMULATED: ENHANCED model (filter first, budget C=8000)",sim_enhanced,FFEW,5,,8000.0,3,0.006,50,50,0,1.0,1.0,1.0,1.0,1.0,1.0,1.0,1.0,3.0,,0,0,0,,,0,3.0,3.0,3
"SIMULATED: ENHANCED model (filter first, budget C=500)",sim_enhanced,FFEW,10,,500.0,3,0.006,50,50,0,1.0,1.0,1.0,1.0,1.0,1.0,1.0,1.0,3.0,,0,0,0,,,0,3.0,3.0,3
"SIMULATED: ENHANCED model (filter first, budget C=2000)",sim_enhanced,FFEW,10,,2000.0,3,0.006,50,50,0,1.0,1.0,1.0,1.0,1.0,1.0,1.0,1.0,3.0,,0,0,0,,,0,3.0,3.0,3
"SIMULATED: ENHANCED model (filter first, budget C=8000)",sim_enhanced,FFEW,10,,8000.0,3,0.006,50,50,0,1.0,1.0,1.0,1.0,1.0,1.0,1.0,1.0,3.0,,0,0,0,,,0,3.0,3.0,3
"SIMULATED: ENHANCED model (filter first, budget C=500)",sim_enhanced,FFEW,20,,500.0,3,0.006,50,50,0,1.0,1.0,1.0,1.0,1.0,1.0,1.0,1.0,3.0,,0,0,0,,,0,3.0,3.0,3
"SIMULATED: ENHANCED model (filter first, budget C=2000)",sim_enhanced,FFEW,20,,2000.0,3,0.006,50,50,0,1.0,1.0,1.0,1.0,1.0,1.0,1.0,1.0,3.0,,0,0,0,,,0,3.0,3.0,3
"SIMULATED: ENHANCED model (filter first, budget C=8000)",sim_enhanced,FFEW,20,,8000.0,3,0.006,50,50,0,1.0,1.0,1.0,1.0,1.0,1.0,1.0,1.0,3.0,,0,0,0,,,0,3.0,3.0,3
"SIMULATED: ENHANCED model (filter first, budget C=500)",sim_enhanced,FFEW,50,,500.0,3,0.006,50,50,0,1.0,1.0,1.0,1.0,1.0,1.0,1.0,1.0,3.0,,0,0,0,,,0,3.0,3.0,3
"SIMULATED: ENHANCED model (filter first, budget C=2000)",sim_enhanced,FFEW,50,,2000.0,3,0.006,50,50,0,1.0,1.0,1.0,1.0,1.0,1.0,1.0,1.0,3.0,,0,0,0,,,0,3.0,3.0,3
"SIMULATED: ENHANCED model (filter first, budget C=8000)",sim_enhanced,FFEW,50,,8000.0,3,0.006,50,50,0,1.0,1.0,1.0,1.0,1.0,1.0,1.0,1.0,3.0,,0,0,0,,,0,3.0,3.0,3
"SIMULATED: ENHANCED model (filter first, budget C=500)",sim_enhanced,FONE,5,,500.0,1,0.002,50,50,0,1.0,1.0,1.0,1.0,1.0,1.0,1.0,1.0,1.0,,0,0,0,,,0,1.0,1.0,1
"SIMULATED: ENHANCED model (filter first, budget C=2000)",sim_enhanced,FONE,5,,2000.0,1,0.002,50,50,0,1.0,1.0,1.0,1.0,1.0,1.0,1.0,1.0,1.0,,0,0,0,,,0,1.0,1.0,1
"SIMULATED: ENHANCED model (filter first, budget C=8000)",sim_enhanced,FONE,5,,8000.0,1,0.002,50,50,0,1.0,1.0,1.0,1.0,1.0,1.0,1.0,1.0,1.0,,0,0,0,,,0,1.0,1.0,1
"SIMULATED: ENHANCED model (filter first, budget C=500)",sim_enhanced,FONE,10,,500.0,1,0.002,50,50,0,1.0,1.0,1.0,1.0,1.0,1.0,1.0,1.0,1.0,,0,0,0,,,0,1.0,1.0,1
"SIMULATED: ENHANCED model (filter first, budget C=2000)",sim_enhanced,FONE,10,,2000.0,1,0.002,50,50,0,1.0,1.0,1.0,1.0,1.0,1.0,1.0,1.0,1.0,,0,0,0,,,0,1.0,1.0,1
"SIMULATED: ENHANCED model (filter first, budget C=8000)",sim_enhanced,FONE,10,,8000.0,1,0.002,50,50,0,1.0,1.0,1.0,1.0,1.0,1.0,1.0,1.0,1.0,,0,0,0,,,0,1.0,1.0,1
"SIMULATED: ENHANCED model (filter first, budget C=500)",sim_enhanced,FONE,20,,500.0,1,0.002,50,50,0,1.0,1.0,1.0,1.0,1.0,1.0,1.0,1.0,1.0,,0,0,0,,,0,1.0,1.0,1
"SIMULATED: ENHANCED model (filter first, budget C=2000)",sim_enhanced,FONE,20,,2000.0,1,0.002,50,50,0,1.0,1.0,1.0,1.0,1.0,1.0,1.0,1.0,1.0,,0,0,0,,,0,1.0,1.0,1
"SIMULATED: ENHANCED model (filter first, budget C=8000)",sim_enhanced,FONE,20,,8000.0,1,0.002,50,50,0,1.0,1.0,1.0,1.0,1.0,1.0,1.0,1.0,1.0,,0,0,0,,,0,1.0,1.0,1
"SIMULATED: ENHANCED model (filter first, budget C=500)",sim_enhanced,FONE,50,,500.0,1,0.002,50,50,0,1.0,1.0,1.0,1.0,1.0,1.0,1.0,1.0,1.0,,0,0,0,,,0,1.0,1.0,1
"SIMULATED: ENHANCED model (filter first, budget C=2000)",sim_enhanced,FONE,50,,2000.0,1,0.002,50,50,0,1.0,1.0,1.0,1.0,1.0,1.0,1.0,1.0,1.0,,0,0,0,,,0,1.0,1.0,1
"SIMULATED: ENHANCED model (filter first, budget C=8000)",sim_enhanced,FONE,50,,8000.0,1,0.002,50,50,0,1.0,1.0,1.0,1.0,1.0,1.0,1.0,1.0,1.0,,0,0,0,,,0,1.0,1.0,1
"SIMULATED: ENHANCED model (filter first, budget C=500)",sim_enhanced,FZERO,5,,500.0,0,0.0,50,50,0,,,,,,,,,0.0,1.0,0,0,0,,,0,0.0,0.0,0
"SIMULATED: ENHANCED model (filter first, budget C=2000)",sim_enhanced,FZERO,5,,2000.0,0,0.0,50,50,0,,,,,,,,,0.0,1.0,0,0,0,,,0,0.0,0.0,0
"SIMULATED: ENHANCED model (filter first, budget C=8000)",sim_enhanced,FZERO,5,,8000.0,0,0.0,50,50,0,,,,,,,,,0.0,1.0,0,0,0,,,0,0.0,0.0,0
"SIMULATED: ENHANCED model (filter first, budget C=500)",sim_enhanced,FZERO,10,,500.0,0,0.0,50,50,0,,,,,,,,,0.0,1.0,0,0,0,,,0,0.0,0.0,0
"SIMULATED: ENHANCED model (filter first, budget C=2000)",sim_enhanced,FZERO,10,,2000.0,0,0.0,50,50,0,,,,,,,,,0.0,1.0,0,0,0,,,0,0.0,0.0,0
"SIMULATED: ENHANCED model (filter first, budget C=8000)",sim_enhanced,FZERO,10,,8000.0,0,0.0,50,50,0,,,,,,,,,0.0,1.0,0,0,0,,,0,0.0,0.0,0
"SIMULATED: ENHANCED model (filter first, budget C=500)",sim_enhanced,FZERO,20,,500.0,0,0.0,50,50,0,,,,,,,,,0.0,1.0,0,0,0,,,0,0.0,0.0,0
"SIMULATED: ENHANCED model (filter first, budget C=2000)",sim_enhanced,FZERO,20,,2000.0,0,0.0,50,50,0,,,,,,,,,0.0,1.0,0,0,0,,,0,0.0,0.0,0
"SIMULATED: ENHANCED model (filter first, budget C=8000)",sim_enhanced,FZERO,20,,8000.0,0,0.0,50,50,0,,,,,,,,,0.0,1.0,0,0,0,,,0,0.0,0.0,0
"SIMULATED: ENHANCED model (filter first, budget C=500)",sim_enhanced,FZERO,50,,500.0,0,0.0,50,50,0,,,,,,,,,0.0,1.0,0,0,0,,,0,0.0,0.0,0
"SIMULATED: ENHANCED model (filter first, budget C=2000)",sim_enhanced,FZERO,50,,2000.0,0,0.0,50,50,0,,,,,,,,,0.0,1.0,0,0,0,,,0,0.0,0.0,0
"SIMULATED: ENHANCED model (filter first, budget C=8000)",sim_enhanced,FZERO,50,,8000.0,0,0.0,50,50,0,,,,,,,,,0.0,1.0,0,0,0,,,0,0.0,0.0,0
"SIMULATED: post-filter, B=100, C=500",sim_postfilter,F001,5,100.0,500.0,5,0.01,50,50,0,0.004,0.0,0.012,0.0,0.0,0.0,0.004,0.004,0.02,,0,0,0,,,0,500.0,500.0,5
"SIMULATED: post-filter, B=100, C=2000",sim_postfilter,F001,5,100.0,2000.0,5,0.01,50,50,0,0.004,0.0,0.012,0.0,0.0,0.0,0.004,0.004,0.02,,0,0,0,,,0,2000.0,2000.0,5
"SIMULATED: post-filter, B=100, C=8000",sim_postfilter,F001,5,100.0,8000.0,5,0.01,50,50,0,0.004,0.0,0.012,0.0,0.0,0.0,0.004,0.004,0.02,,0,0,0,,,0,8000.0,8000.0,5
"SIMULATED: post-filter, B=1000, C=2000",sim_postfilter,F001,5,1000.0,2000.0,5,0.01,50,50,0,0.008,0.0,0.02,0.0,0.0,0.0,0.008,0.008,0.04,,0,0,0,,,0,2000.0,2000.0,5
"SIMULATED: post-filter, B=1000, C=8000",sim_postfilter,F001,5,1000.0,8000.0,5,0.01,50,50,0,0.008,0.0,0.02,0.0,0.0,0.0,0.008,0.008,0.04,,0,0,0,,,0,8000.0,8000.0,5
"SIMULATED: post-filter, B=100, C=500",sim_postfilter,F001,10,100.0,500.0,5,0.01,50,50,0,0.004,0.0,0.012,0.0,0.0,0.0,0.004,0.004,0.02,,0,0,0,,,0,500.0,500.0,5
"SIMULATED: post-filter, B=100, C=2000",sim_postfilter,F001,10,100.0,2000.0,5,0.01,50,50,0,0.004,0.0,0.012,0.0,0.0,0.0,0.004,0.004,0.02,,0,0,0,,,0,2000.0,2000.0,5
"SIMULATED: post-filter, B=100, C=8000",sim_postfilter,F001,10,100.0,8000.0,5,0.01,50,50,0,0.004,0.0,0.012,0.0,0.0,0.0,0.004,0.004,0.02,,0,0,0,,,0,8000.0,8000.0,5
"SIMULATED: post-filter, B=1000, C=2000",sim_postfilter,F001,10,1000.0,2000.0,5,0.01,50,50,0,0.008,0.0,0.02,0.0,0.0,0.0,0.008,0.008,0.04,,0,0,0,,,0,2000.0,2000.0,5
"SIMULATED: post-filter, B=1000, C=8000",sim_postfilter,F001,10,1000.0,8000.0,5,0.01,50,50,0,0.008,0.0,0.02,0.0,0.0,0.0,0.008,0.008,0.04,,0,0,0,,,0,8000.0,8000.0,5
"SIMULATED: post-filter, B=100, C=500",sim_postfilter,F001,20,100.0,500.0,5,0.01,50,50,0,0.004,0.0,0.012,0.0,0.0,0.0,0.004,0.004,0.02,,0,0,0,,,0,500.0,500.0,5
"SIMULATED: post-filter, B=100, C=2000",sim_postfilter,F001,20,100.0,2000.0,5,0.01,50,50,0,0.004,0.0,0.012,0.0,0.0,0.0,0.004,0.004,0.02,,0,0,0,,,0,2000.0,2000.0,5
"SIMULATED: post-filter, B=100, C=8000",sim_postfilter,F001,20,100.0,8000.0,5,0.01,50,50,0,0.004,0.0,0.012,0.0,0.0,0.0,0.004,0.004,0.02,,0,0,0,,,0,8000.0,8000.0,5
"SIMULATED: post-filter, B=1000, C=2000",sim_postfilter,F001,20,1000.0,2000.0,5,0.01,50,50,0,0.008,0.0,0.02,0.0,0.0,0.0,0.008,0.008,0.04,,0,0,0,,,0,2000.0,2000.0,5
"SIMULATED: post-filter, B=1000, C=8000",sim_postfilter,F001,20,1000.0,8000.0,5,0.01,50,50,0,0.008,0.0,0.02,0.0,0.0,0.0,0.008,0.008,0.04,,0,0,0,,,0,8000.0,8000.0,5
"SIMULATED: post-filter, B=100, C=500",sim_postfilter,F001,50,100.0,500.0,5,0.01,50,50,0,0.004,0.0,0.012,0.0,0.0,0.0,0.004,0.004,0.02,,0,0,0,,,0,500.0,500.0,5
"SIMULATED: post-filter, B=100, C=2000",sim_postfilter,F001,50,100.0,2000.0,5,0.01,50,50,0,0.004,0.0,0.012,0.0,0.0,0.0,0.004,0.004,0.02,,0,0,0,,,0,2000.0,2000.0,5
"SIMULATED: post-filter, B=100, C=8000",sim_postfilter,F001,50,100.0,8000.0,5,0.01,50,50,0,0.004,0.0,0.012,0.0,0.0,0.0,0.004,0.004,0.02,,0,0,0,,,0,8000.0,8000.0,5
"SIMULATED: post-filter, B=1000, C=2000",sim_postfilter,F001,50,1000.0,2000.0,5,0.01,50,50,0,0.008,0.0,0.02,0.0,0.0,0.0,0.008,0.008,0.04,,0,0,0,,,0,2000.0,2000.0,5
"SIMULATED: post-filter, B=1000, C=8000",sim_postfilter,F001,50,1000.0,8000.0,5,0.01,50,50,0,0.008,0.0,0.02,0.0,0.0,0.0,0.008,0.008,0.04,,0,0,0,,,0,8000.0,8000.0,5
"SIMULATED: post-filter, B=100, C=500",sim_postfilter,F01,5,100.0,500.0,50,0.1,50,50,0,0.02,0.004,0.036,0.0,0.0,0.0,0.02,0.02,0.1,,0,0,0,,,0,500.0,500.0,50
"SIMULATED: post-filter, B=100, C=2000",sim_postfilter,F01,5,100.0,2000.0,50,0.1,50,50,0,0.016,0.004,0.032,0.0,0.0,0.0,0.016,0.016,0.08,,0,0,0,,,0,2000.0,2000.0,50
"SIMULATED: post-filter, B=100, C=8000",sim_postfilter,F01,5,100.0,8000.0,50,0.1,50,50,0,0.016,0.004,0.032,0.0,0.0,0.0,0.016,0.016,0.08,,0,0,0,,,0,8000.0,8000.0,50
"SIMULATED: post-filter, B=1000, C=2000",sim_postfilter,F01,5,1000.0,2000.0,50,0.1,50,50,0,0.252,0.184,0.324,0.2,0.0,0.0,0.252,0.252,1.26,,0,0,0,,,0,2000.0,2000.0,50
"SIMULATED: post-filter, B=1000, C=8000",sim_postfilter,F01,5,1000.0,8000.0,50,0.1,50,50,0,0.268,0.2,0.344,0.2,0.0,0.0,0.268,0.268,1.34,,0,0,0,,,0,8000.0,8000.0,50
"SIMULATED: post-filter, B=100, C=500",sim_postfilter,F01,10,100.0,500.0,50,0.1,50,50,0,0.01,0.002,0.02,0.0,0.0,0.0,0.01,0.01,0.1,,0,0,0,,,0,500.0,500.0,50
"SIMULATED: post-filter, B=100, C=2000",sim_postfilter,F01,10,100.0,2000.0,50,0.1,50,50,0,0.008,0.002,0.016,0.0,0.0,0.0,0.008,0.008,0.08,,0,0,0,,,0,2000.0,2000.0,50
"SIMULATED: post-filter, B=100, C=8000",sim_postfilter,F01,10,100.0,8000.0,50,0.1,50,50,0,0.008,0.002,0.016,0.0,0.0,0.0,0.008,0.008,0.08,,0,0,0,,,0,8000.0,8000.0,50
"SIMULATED: post-filter, B=1000, C=2000",sim_postfilter,F01,10,1000.0,2000.0,50,0.1,50,50,0,0.126,0.094,0.164,0.1,0.0,0.0,0.126,0.126,1.26,,0,0,0,,,0,2000.0,2000.0,50
"SIMULATED: post-filter, B=1000, C=8000",sim_postfilter,F01,10,1000.0,8000.0,50,0.1,50,50,0,0.134,0.1,0.17,0.1,0.0,0.0,0.134,0.134,1.34,,0,0,0,,,0,8000.0,8000.0,50
"SIMULATED: post-filter, B=100, C=500",sim_postfilter,F01,20,100.0,500.0,50,0.1,50,50,0,0.005,0.001,0.009,0.0,0.0,0.0,0.005,0.005,0.1,,0,0,0,,,0,500.0,500.0,50
"SIMULATED: post-filter, B=100, C=2000",sim_postfilter,F01,20,100.0,2000.0,50,0.1,50,50,0,0.004,0.001,0.008,0.0,0.0,0.0,0.004,0.004,0.08,,0,0,0,,,0,2000.0,2000.0,50
"SIMULATED: post-filter, B=100, C=8000",sim_postfilter,F01,20,100.0,8000.0,50,0.1,50,50,0,0.004,0.001,0.009,0.0,0.0,0.0,0.004,0.004,0.08,,0,0,0,,,0,8000.0,8000.0,50
"SIMULATED: post-filter, B=1000, C=2000",sim_postfilter,F01,20,1000.0,2000.0,50,0.1,50,50,0,0.063,0.046975,0.081,0.05,0.0,0.0,0.063,0.063,1.26,,0,0,0,,,0,2000.0,2000.0,50
"SIMULATED: post-filter, B=1000, C=8000",sim_postfilter,F01,20,1000.0,8000.0,50,0.1,50,50,0,0.067,0.05,0.086025,0.05,0.0,0.0,0.067,0.067,1.34,,0,0,0,,,0,8000.0,8000.0,50
"SIMULATED: post-filter, B=100, C=500",sim_postfilter,F01,50,100.0,500.0,50,0.1,50,50,0,0.002,0.0004,0.0036,0.0,0.0,0.0,0.002,0.002,0.1,,0,0,0,,,0,500.0,500.0,50
"SIMULATED: post-filter, B=100, C=2000",sim_postfilter,F01,50,100.0,2000.0,50,0.1,50,50,0,0.0016,0.0004,0.0032,0.0,0.0,0.0,0.0016,0.0016,0.08,,0,0,0,,,0,2000.0,2000.0,50
"SIMULATED: post-filter, B=100, C=8000",sim_postfilter,F01,50,100.0,8000.0,50,0.1,50,50,0,0.0016,0.0004,0.0032,0.0,0.0,0.0,0.0016,0.0016,0.08,,0,0,0,,,0,8000.0,8000.0,50
"SIMULATED: post-filter, B=1000, C=2000",sim_postfilter,F01,50,1000.0,2000.0,50,0.1,50,50,0,0.0252,0.0184,0.0324,0.02,0.0,0.0,0.0252,0.0252,1.26,,0,0,0,,,0,2000.0,2000.0,50
"SIMULATED: post-filter, B=1000, C=8000",sim_postfilter,F01,50,1000.0,8000.0,50,0.1,50,50,0,0.0268,0.0196,0.0336,0.02,0.0,0.0,0.0268,0.0268,1.34,,0,0,0,,,0,8000.0,8000.0,50
"SIMULATED: post-filter, B=100, C=500",sim_postfilter,F1,5,100.0,500.0,500,1.0,50,50,0,0.2,0.152,0.252,0.2,0.0,0.0,0.2,0.2,1.0,,0,0,0,,,0,500.0,500.0,500
"SIMULATED: post-filter, B=100, C=2000",sim_postfilter,F1,5,100.0,2000.0,500,1.0,50,50,0,0.216,0.168,0.2681,0.2,0.0,0.0,0.216,0.216,1.08,,0,0,0,,,0,2000.0,2000.0,500
"SIMULATED: post-filter, B=100, C=8000",sim_postfilter,F1,5,100.0,8000.0,500,1.0,50,50,0,0.216,0.164,0.268,0.2,0.0,0.0,0.216,0.216,1.08,,0,0,0,,,0,8000.0,8000.0,500
"SIMULATED: post-filter, B=1000, C=2000",sim_postfilter,F1,5,1000.0,2000.0,500,1.0,50,50,0,1.0,1.0,1.0,1.0,1.0,1.0,1.0,1.0,5.0,,0,0,0,,,0,2000.0,2000.0,500
"SIMULATED: post-filter, B=1000, C=8000",sim_postfilter,F1,5,1000.0,8000.0,500,1.0,50,50,0,1.0,1.0,1.0,1.0,1.0,1.0,1.0,1.0,5.0,,0,0,0,,,0,8000.0,8000.0,500
"SIMULATED: post-filter, B=100, C=500",sim_postfilter,F1,10,100.0,500.0,500,1.0,50,50,0,0.1,0.076,0.126,0.1,0.0,0.0,0.1,0.1,1.0,,0,0,0,,,0,500.0,500.0,500
"SIMULATED: post-filter, B=100, C=2000",sim_postfilter,F1,10,100.0,2000.0,500,1.0,50,50,0,0.108,0.08,0.134,0.1,0.0,0.0,0.108,0.108,1.08,,0,0,0,,,0,2000.0,2000.0,500
"SIMULATED: post-filter, B=100, C=8000",sim_postfilter,F1,10,100.0,8000.0,500,1.0,50,50,0,0.108,0.082,0.134,0.1,0.0,0.0,0.108,0.108,1.08,,0,0,0,,,0,8000.0,8000.0,500
"SIMULATED: post-filter, B=1000, C=2000",sim_postfilter,F1,10,1000.0,2000.0,500,1.0,50,50,0,0.912,0.882,0.942,0.95,0.6,0.5,0.924,0.924,9.24,,0,0,0,,,0,2000.0,2000.0,500
"SIMULATED: post-filter, B=1000, C=8000",sim_postfilter,F1,10,1000.0,8000.0,500,1.0,50,50,0,0.912,0.874,0.944,1.0,0.6,0.58,0.912,0.912,9.12,,0,0,0,,,0,8000.0,8000.0,500
"SIMULATED: post-filter, B=100, C=500",sim_postfilter,F1,20,100.0,500.0,500,1.0,50,50,0,0.05,0.038,0.062,0.05,0.0,0.0,0.05,0.05,1.0,,0,0,0,,,0,500.0,500.0,500
"SIMULATED: post-filter, B=100, C=2000",sim_postfilter,F1,20,100.0,2000.0,500,1.0,50,50,0,0.054,0.04,0.067,0.05,0.0,0.0,0.054,0.054,1.08,,0,0,0,,,0,2000.0,2000.0,500
"SIMULATED: post-filter, B=100, C=8000",sim_postfilter,F1,20,100.0,8000.0,500,1.0,50,50,0,0.054,0.041,0.067,0.05,0.0,0.0,0.054,0.054,1.08,,0,0,0,,,0,8000.0,8000.0,500
"SIMULATED: post-filter, B=1000, C=2000",sim_postfilter,F1,20,1000.0,2000.0,500,1.0,50,50,0,0.533,0.497,0.571,0.5,0.3,0.0,0.533,0.533,10.66,,0,0,0,,,0,2000.0,2000.0,500
"SIMULATED: post-filter, B=1000, C=8000",sim_postfilter,F1,20,1000.0,8000.0,500,1.0,50,50,0,0.519,0.481,0.557,0.5,0.3,0.0,0.519,0.519,10.38,,0,0,0,,,0,8000.0,8000.0,500
"SIMULATED: post-filter, B=100, C=500",sim_postfilter,F1,50,100.0,500.0,500,1.0,50,50,0,0.02,0.0156,0.02521,0.02,0.0,0.0,0.02,0.02,1.0,,0,0,0,,,0,500.0,500.0,500
"SIMULATED: post-filter, B=100, C=2000",sim_postfilter,F1,50,100.0,2000.0,500,1.0,50,50,0,0.0216,0.0164,0.0268,0.02,0.0,0.0,0.0216,0.0216,1.08,,0,0,0,,,0,2000.0,2000.0,500
"SIMULATED: post-filter, B=100, C=8000",sim_postfilter,F1,50,100.0,8000.0,500,1.0,50,50,0,0.0216,0.0168,0.0268,0.02,0.0,0.0,0.0216,0.0216,1.08,,0,0,0,,,0,8000.0,8000.0,500
"SIMULATED: post-filter, B=1000, C=2000",sim_postfilter,F1,50,1000.0,2000.0,500,1.0,50,50,0,0.2132,0.19839,0.23,0.2,0.12,0.0,0.2132,0.2132,10.66,,0,0,0,,,0,2000.0,2000.0,500
"SIMULATED: post-filter, B=1000, C=8000",sim_postfilter,F1,50,1000.0,8000.0,500,1.0,50,50,0,0.2076,0.19319,0.224,0.2,0.12,0.0,0.2076,0.2076,10.38,,0,0,0,,,0,8000.0,8000.0,500
"SIMULATED: post-filter, B=100, C=500",sim_postfilter,F10,5,100.0,500.0,5000,10.0,50,50,0,0.804,0.764,0.844,0.8,0.4,0.3,1.0,1.0,5.0,,0,0,1,,,0,500.0,500.0,5000
"SIMULATED: post-filter, B=100, C=2000",sim_postfilter,F10,5,100.0,2000.0,5000,10.0,50,50,0,0.996,0.988,1.0,1.0,0.8,0.98,0.996,0.996,4.98,,0,0,1,,,0,2000.0,2000.0,5000
"SIMULATED: post-filter, B=100, C=8000",sim_postfilter,F10,5,100.0,8000.0,5000,10.0,50,50,0,0.996,0.988,1.0,1.0,0.8,0.98,0.996,0.996,4.98,,0,0,1,,,0,8000.0,8000.0,5000
"SIMULATED: post-filter, B=1000, C=2000",sim_postfilter,F10,5,1000.0,2000.0,5000,10.0,50,50,0,1.0,1.0,1.0,1.0,1.0,1.0,1.0,1.0,5.0,,0,0,1,,,0,2000.0,2000.0,5000
"SIMULATED: post-filter, B=1000, C=8000",sim_postfilter,F10,5,1000.0,8000.0,5000,10.0,50,50,0,1.0,1.0,1.0,1.0,1.0,1.0,1.0,1.0,5.0,,0,0,1,,,0,8000.0,8000.0,5000
"SIMULATED: post-filter, B=100, C=500",sim_postfilter,F10,10,100.0,500.0,5000,10.0,50,50,0,0.736,0.698,0.774,0.75,0.5,0.02,0.852,0.852,8.52,,0,0,0,,,0,500.0,500.0,5000
"SIMULATED: post-filter, B=100, C=2000",sim_postfilter,F10,10,100.0,2000.0,5000,10.0,50,50,0,0.864,0.818,0.906,0.9,0.4,0.48,0.864,0.864,8.64,,0,0,0,,,0,2000.0,2000.0,5000
"SIMULATED: post-filter, B=100, C=8000",sim_postfilter,F10,10,100.0,8000.0,5000,10.0,50,50,0,0.864,0.82,0.906,0.9,0.4,0.48,0.864,0.864,8.64,,0,0,0,,,0,8000.0,8000.0,5000
"SIMULATED: post-filter, B=1000, C=2000",sim_postfilter,F10,10,1000.0,2000.0,5000,10.0,50,50,0,1.0,1.0,1.0,1.0,1.0,1.0,1.0,1.0,10.0,,0,0,0,,,0,2000.0,2000.0,5000
"SIMULATED: post-filter, B=1000, C=8000",sim_postfilter,F10,10,1000.0,8000.0,5000,10.0,50,50,0,1.0,1.0,1.0,1.0,1.0,1.0,1.0,1.0,10.0,,0,0,0,,,0,8000.0,8000.0,5000
"SIMULATED: post-filter, B=100, C=500",sim_postfilter,F10,20,100.0,500.0,5000,10.0,50,50,0,0.452,0.421,0.483025,0.45,0.25,0.0,0.452,0.452,9.04,,0,0,0,,,0,500.0,500.0,5000
"SIMULATED: post-filter, B=100, C=2000",sim_postfilter,F10,20,100.0,2000.0,5000,10.0,50,50,0,0.475,0.437975,0.514,0.45,0.2,0.0,0.475,0.475,9.5,,0,0,0,,,0,2000.0,2000.0,5000
"SIMULATED: post-filter, B=100, C=8000",sim_postfilter,F10,20,100.0,8000.0,5000,10.0,50,50,0,0.475,0.439,0.511025,0.45,0.2,0.0,0.475,0.475,9.5,,0,0,0,,,0,8000.0,8000.0,5000
"SIMULATED: post-filter, B=1000, C=2000",sim_postfilter,F10,20,1000.0,2000.0,5000,10.0,50,50,0,1.0,1.0,1.0,1.0,1.0,1.0,1.0,1.0,20.0,,0,0,0,,,0,2000.0,2000.0,5000
"SIMULATED: post-filter, B=1000, C=8000",sim_postfilter,F10,20,1000.0,8000.0,5000,10.0,50,50,0,1.0,1.0,1.0,1.0,1.0,1.0,1.0,1.0,20.0,,0,0,0,,,0,8000.0,8000.0,5000
"SIMULATED: post-filter, B=100, C=500",sim_postfilter,F10,50,100.0,500.0,5000,10.0,50,50,0,0.1808,0.1664,0.1936,0.18,0.1,0.0,0.1808,0.1808,9.04,,0,0,0,,,0,500.0,500.0,5000
"SIMULATED: post-filter, B=100, C=2000",sim_postfilter,F10,50,100.0,2000.0,5000,10.0,50,50,0,0.19,0.176,0.2044,0.18,0.08,0.0,0.19,0.19,9.5,,0,0,0,,,0,2000.0,2000.0,5000
"SIMULATED: post-filter, B=100, C=8000",sim_postfilter,F10,50,100.0,8000.0,5000,10.0,50,50,0,0.19,0.176,0.2048,0.18,0.08,0.0,0.19,0.19,9.5,,0,0,0,,,0,8000.0,8000.0,5000
"SIMULATED: post-filter, B=1000, C=2000",sim_postfilter,F10,50,1000.0,2000.0,5000,10.0,50,50,0,1.0,1.0,1.0,1.0,1.0,1.0,1.0,1.0,50.0,,0,0,0,,,0,2000.0,2000.0,5000
"SIMULATED: post-filter, B=1000, C=8000",sim_postfilter,F10,50,1000.0,8000.0,5000,10.0,50,50,0,1.0,1.0,1.0,1.0,1.0,1.0,1.0,1.0,50.0,,0,0,0,,,0,8000.0,8000.0,5000
"SIMULATED: post-filter, B=100, C=500",sim_postfilter,F50,5,100.0,500.0,25000,50.0,50,50,0,0.828,0.7839,0.872,0.8,0.4,0.38,1.0,1.0,5.0,,0,0,0,,,0,500.0,500.0,25000
"SIMULATED: post-filter, B=100, C=2000",sim_postfilter,F50,5,100.0,2000.0,25000,50.0,50,50,0,1.0,1.0,1.0,1.0,1.0,1.0,1.0,1.0,5.0,,0,0,0,,,0,2000.0,2000.0,25000
"SIMULATED: post-filter, B=100, C=8000",sim_postfilter,F50,5,100.0,8000.0,25000,50.0,50,50,0,1.0,1.0,1.0,1.0,1.0,1.0,1.0,1.0,5.0,,0,0,0,,,0,8000.0,8000.0,25000
"SIMULATED: post-filter, B=1000, C=2000",sim_postfilter,F50,5,1000.0,2000.0,25000,50.0,50,50,0,1.0,1.0,1.0,1.0,1.0,1.0,1.0,1.0,5.0,,0,0,0,,,0,2000.0,2000.0,25000
"SIMULATED: post-filter, B=1000, C=8000",sim_postfilter,F50,5,1000.0,8000.0,25000,50.0,50,50,0,1.0,1.0,1.0,1.0,1.0,1.0,1.0,1.0,5.0,,0,0,0,,,0,8000.0,8000.0,25000
"SIMULATED: post-filter, B=100, C=500",sim_postfilter,F50,10,100.0,500.0,25000,50.0,50,50,0,0.824,0.78,0.866,0.8,0.5,0.28,1.0,1.0,10.0,,0,0,0,,,0,500.0,500.0,25000
"SIMULATED: post-filter, B=100, C=2000",sim_postfilter,F50,10,100.0,2000.0,25000,50.0,50,50,0,1.0,1.0,1.0,1.0,1.0,1.0,1.0,1.0,10.0,,0,0,0,,,0,2000.0,2000.0,25000
"SIMULATED: post-filter, B=100, C=8000",sim_postfilter,F50,10,100.0,8000.0,25000,50.0,50,50,0,1.0,1.0,1.0,1.0,1.0,1.0,1.0,1.0,10.0,,0,0,0,,,0,8000.0,8000.0,25000
"SIMULATED: post-filter, B=1000, C=2000",sim_postfilter,F50,10,1000.0,2000.0,25000,50.0,50,50,0,1.0,1.0,1.0,1.0,1.0,1.0,1.0,1.0,10.0,,0,0,0,,,0,2000.0,2000.0,25000
"SIMULATED: post-filter, B=1000, C=8000",sim_postfilter,F50,10,1000.0,8000.0,25000,50.0,50,50,0,1.0,1.0,1.0,1.0,1.0,1.0,1.0,1.0,10.0,,0,0,0,,,0,8000.0,8000.0,25000
"SIMULATED: post-filter, B=100, C=500",sim_postfilter,F50,20,100.0,500.0,25000,50.0,50,50,0,0.808,0.779,0.837,0.8,0.6,0.08,1.0,1.0,20.0,,0,0,0,,,0,500.0,500.0,25000
"SIMULATED: post-filter, B=100, C=2000",sim_postfilter,F50,20,100.0,2000.0,25000,50.0,50,50,0,1.0,1.0,1.0,1.0,1.0,1.0,1.0,1.0,20.0,,0,0,0,,,0,2000.0,2000.0,25000
"SIMULATED: post-filter, B=100, C=8000",sim_postfilter,F50,20,100.0,8000.0,25000,50.0,50,50,0,1.0,1.0,1.0,1.0,1.0,1.0,1.0,1.0,20.0,,0,0,0,,,0,8000.0,8000.0,25000
"SIMULATED: post-filter, B=1000, C=2000",sim_postfilter,F50,20,1000.0,2000.0,25000,50.0,50,50,0,1.0,1.0,1.0,1.0,1.0,1.0,1.0,1.0,20.0,,0,0,0,,,0,2000.0,2000.0,25000
"SIMULATED: post-filter, B=1000, C=8000",sim_postfilter,F50,20,1000.0,8000.0,25000,50.0,50,50,0,1.0,1.0,1.0,1.0,1.0,1.0,1.0,1.0,20.0,,0,0,0,,,0,8000.0,8000.0,25000
"SIMULATED: post-filter, B=100, C=500",sim_postfilter,F50,50,100.0,500.0,25000,50.0,50,50,0,0.7808,0.7608,0.8032,0.76,0.66,0.0,0.962,0.962,48.1,,0,0,0,,,0,500.0,500.0,25000
"SIMULATED: post-filter, B=100, C=2000",sim_postfilter,F50,50,100.0,2000.0,25000,50.0,50,50,0,0.9528,0.9344,0.97162,1.0,0.7,0.54,0.9528,0.9528,47.64,,0,0,0,,,0,2000.0,2000.0,25000
"SIMULATED: post-filter, B=100, C=8000",sim_postfilter,F50,50,100.0,8000.0,25000,50.0,50,50,0,0.9528,0.934,0.9704,1.0,0.7,0.54,0.9528,0.9528,47.64,,0,0,0,,,0,8000.0,8000.0,25000
"SIMULATED: post-filter, B=1000, C=2000",sim_postfilter,F50,50,1000.0,2000.0,25000,50.0,50,50,0,1.0,1.0,1.0,1.0,1.0,1.0,1.0,1.0,50.0,,0,0,0,,,0,2000.0,2000.0,25000
"SIMULATED: post-filter, B=1000, C=8000",sim_postfilter,F50,50,1000.0,8000.0,25000,50.0,50,50,0,1.0,1.0,1.0,1.0,1.0,1.0,1.0,1.0,50.0,,0,0,0,,,0,8000.0,8000.0,25000
"SIMULATED: post-filter, B=100, C=500",sim_postfilter,FAND2,5,100.0,500.0,135,0.27,50,50,0,0.06,0.032,0.092,0.0,0.0,0.0,0.06,0.06,0.3,,0,0,0,,,0,500.0,500.0,135
"SIMULATED: post-filter, B=100, C=2000",sim_postfilter,FAND2,5,100.0,2000.0,135,0.27,50,50,0,0.064,0.036,0.096,0.0,0.0,0.0,0.064,0.064,0.32,,0,0,0,,,0,2000.0,2000.0,135
"SIMULATED: post-filter, B=100, C=8000",sim_postfilter,FAND2,5,100.0,8000.0,135,0.27,50,50,0,0.064,0.036,0.096,0.0,0.0,0.0,0.064,0.064,0.32,,0,0,0,,,0,8000.0,8000.0,135
"SIMULATED: post-filter, B=1000, C=2000",sim_postfilter,FAND2,5,1000.0,2000.0,135,0.27,50,50,0,0.6,0.516,0.68,0.6,0.0,0.18,0.6,0.6,3.0,,0,0,0,,,0,2000.0,2000.0,135
"SIMULATED: post-filter, B=1000, C=8000",sim_postfilter,FAND2,5,1000.0,8000.0,135,0.27,50,50,0,0.58,0.496,0.66,0.6,0.0,0.14,0.58,0.58,2.9,,0,0,0,,,0,8000.0,8000.0,135
"SIMULATED: post-filter, B=100, C=500",sim_postfilter,FAND2,10,100.0,500.0,135,0.27,50,50,0,0.03,0.016,0.046,0.0,0.0,0.0,0.03,0.03,0.3,,0,0,0,,,0,500.0,500.0,135
"SIMULATED: post-filter, B=100, C=2000",sim_postfilter,FAND2,10,100.0,2000.0,135,0.27,50,50,0,0.032,0.018,0.048,0.0,0.0,0.0,0.032,0.032,0.32,,0,0,0,,,0,2000.0,2000.0,135
"SIMULATED: post-filter, B=100, C=8000",sim_postfilter,FAND2,10,100.0,8000.0,135,0.27,50,50,0,0.032,0.02,0.048,0.0,0.0,0.0,0.032,0.032,0.32,,0,0,0,,,0,8000.0,8000.0,135
"SIMULATED: post-filter, B=1000, C=2000",sim_postfilter,FAND2,10,1000.0,2000.0,135,0.27,50,50,0,0.302,0.262,0.342,0.3,0.0,0.0,0.302,0.302,3.02,,0,0,0,,,0,2000.0,2000.0,135
"SIMULATED: post-filter, B=1000, C=8000",sim_postfilter,FAND2,10,1000.0,8000.0,135,0.27,50,50,0,0.29,0.252,0.328,0.3,0.0,0.0,0.29,0.29,2.9,,0,0,0,,,0,8000.0,8000.0,135
"SIMULATED: post-filter, B=100, C=500",sim_postfilter,FAND2,20,100.0,500.0,135,0.27,50,50,0,0.015,0.008,0.023,0.0,0.0,0.0,0.015,0.015,0.3,,0,0,0,,,0,500.0,500.0,135
"SIMULATED: post-filter, B=100, C=2000",sim_postfilter,FAND2,20,100.0,2000.0,135,0.27,50,50,0,0.016,0.008975,0.024,0.0,0.0,0.0,0.016,0.016,0.32,,0,0,0,,,0,2000.0,2000.0,135
"SIMULATED: post-filter, B=100, C=8000",sim_postfilter,FAND2,20,100.0,8000.0,135,0.27,50,50,0,0.016,0.009,0.024,0.0,0.0,0.0,0.016,0.016,0.32,,0,0,0,,,0,8000.0,8000.0,135
"SIMULATED: post-filter, B=1000, C=2000",sim_postfilter,FAND2,20,1000.0,2000.0,135,0.27,50,50,0,0.151,0.131,0.170025,0.15,0.0,0.0,0.151,0.151,3.02,,0,0,0,,,0,2000.0,2000.0,135
"SIMULATED: post-filter, B=1000, C=8000",sim_postfilter,FAND2,20,1000.0,8000.0,135,0.27,50,50,0,0.145,0.126,0.164025,0.15,0.0,0.0,0.145,0.145,2.9,,0,0,0,,,0,8000.0,8000.0,135
"SIMULATED: post-filter, B=100, C=500",sim_postfilter,FAND2,50,100.0,500.0,135,0.27,50,50,0,0.006,0.0032,0.0092,0.0,0.0,0.0,0.006,0.006,0.3,,0,0,0,,,0,500.0,500.0,135
"SIMULATED: post-filter, B=100, C=2000",sim_postfilter,FAND2,50,100.0,2000.0,135,0.27,50,50,0,0.0064,0.0036,0.0092,0.0,0.0,0.0,0.0064,0.0064,0.32,,0,0,0,,,0,2000.0,2000.0,135
"SIMULATED: post-filter, B=100, C=8000",sim_postfilter,FAND2,50,100.0,8000.0,135,0.27,50,50,0,0.0064,0.0036,0.0096,0.0,0.0,0.0,0.0064,0.0064,0.32,,0,0,0,,,0,8000.0,8000.0,135
"SIMULATED: post-filter, B=1000, C=2000",sim_postfilter,FAND2,50,1000.0,2000.0,135,0.27,50,50,0,0.0604,0.052,0.06841,0.06,0.0,0.0,0.0604,0.0604,3.02,,0,0,0,,,0,2000.0,2000.0,135
"SIMULATED: post-filter, B=1000, C=8000",sim_postfilter,FAND2,50,1000.0,8000.0,135,0.27,50,50,0,0.058,0.0504,0.066,0.06,0.0,0.0,0.058,0.058,2.9,,0,0,0,,,0,8000.0,8000.0,135
"SIMULATED: post-filter, B=100, C=500",sim_postfilter,FAND3,5,100.0,500.0,656,1.312,50,50,0,0.244,0.18,0.308,0.2,0.0,0.0,0.248,0.248,1.24,,0,0,0,,,0,500.0,500.0,656
"SIMULATED: post-filter, B=100, C=2000",sim_postfilter,FAND3,5,100.0,2000.0,656,1.312,50,50,0,0.24,0.18,0.308,0.2,0.0,0.02,0.24,0.24,1.2,,0,0,0,,,0,2000.0,2000.0,656
"SIMULATED: post-filter, B=100, C=8000",sim_postfilter,FAND3,5,100.0,8000.0,656,1.312,50,50,0,0.24,0.176,0.308,0.2,0.0,0.02,0.24,0.24,1.2,,0,0,0,,,0,8000.0,8000.0,656
"SIMULATED: post-filter, B=1000, C=2000",sim_postfilter,FAND3,5,1000.0,2000.0,656,1.312,50,50,0,0.996,0.988,1.0,1.0,0.8,0.98,1.0,1.0,5.0,,0,0,0,,,0,2000.0,2000.0,656
"SIMULATED: post-filter, B=1000, C=8000",sim_postfilter,FAND3,5,1000.0,8000.0,656,1.312,50,50,0,0.996,0.988,1.0,1.0,0.8,0.98,0.996,0.996,4.98,,0,0,0,,,0,8000.0,8000.0,656
"SIMULATED: post-filter, B=100, C=500",sim_postfilter,FAND3,10,100.0,500.0,656,1.312,50,50,0,0.126,0.092,0.168,0.1,0.0,0.0,0.126,0.126,1.26,,0,0,0,,,0,500.0,500.0,656
"SIMULATED: post-filter, B=100, C=2000",sim_postfilter,FAND3,10,100.0,2000.0,656,1.312,50,50,0,0.124,0.09,0.162,0.1,0.0,0.0,0.124,0.124,1.24,,0,0,0,,,0,2000.0,2000.0,656
"SIMULATED: post-filter, B=100, C=8000",sim_postfilter,FAND3,10,100.0,8000.0,656,1.312,50,50,0,0.124,0.09,0.16205,0.1,0.0,0.0,0.124,0.124,1.24,,0,0,0,,,0,8000.0,8000.0,656
"SIMULATED: post-filter, B=1000, C=2000",sim_postfilter,FAND3,10,1000.0,2000.0,656,1.312,50,50,0,0.968,0.944,0.988,1.0,0.6,0.82,0.972,0.972,9.72,,0,0,0,,,0,2000.0,2000.0,656
"SIMULATED: post-filter, B=1000, C=8000",sim_postfilter,FAND3,10,1000.0,8000.0,656,1.312,50,50,0,0.968,0.93795,0.992,1.0,0.4,0.86,0.968,0.968,9.68,,0,0,0,,,0,8000.0,8000.0,656
"SIMULATED: post-filter, B=100, C=500",sim_postfilter,FAND3,20,100.0,500.0,656,1.312,50,50,0,0.063,0.046,0.08,0.05,0.0,0.0,0.063,0.063,1.26,,0,0,0,,,0,500.0,500.0,656
"SIMULATED: post-filter, B=100, C=2000",sim_postfilter,FAND3,20,100.0,2000.0,656,1.312,50,50,0,0.062,0.043975,0.082,0.05,0.0,0.0,0.062,0.062,1.24,,0,0,0,,,0,2000.0,2000.0,656
"SIMULATED: post-filter, B=100, C=8000",sim_postfilter,FAND3,20,100.0,8000.0,656,1.312,50,50,0,0.062,0.044,0.081,0.05,0.0,0.0,0.062,0.062,1.24,,0,0,0,,,0,8000.0,8000.0,656
"SIMULATED: post-filter, B=1000, C=2000",sim_postfilter,FAND3,20,1000.0,2000.0,656,1.312,50,50,0,0.636,0.591,0.687,0.6,0.3,0.08,0.638,0.638,12.76,,0,0,0,,,0,2000.0,2000.0,656
"SIMULATED: post-filter, B=1000, C=8000",sim_postfilter,FAND3,20,1000.0,8000.0,656,1.312,50,50,0,0.628,0.578975,0.679,0.6,0.2,0.06,0.628,0.628,12.56,,0,0,0,,,0,8000.0,8000.0,656
"SIMULATED: post-filter, B=100, C=500",sim_postfilter,FAND3,50,100.0,500.0,656,1.312,50,50,0,0.0252,0.0184,0.0324,0.02,0.0,0.0,0.0252,0.0252,1.26,,0,0,0,,,0,500.0,500.0,656
"SIMULATED: post-filter, B=100, C=2000",sim_postfilter,FAND3,50,100.0,2000.0,656,1.312,50,50,0,0.0248,0.01799,0.03241,0.02,0.0,0.0,0.0248,0.0248,1.24,,0,0,0,,,0,2000.0,2000.0,656
"SIMULATED: post-filter, B=100, C=8000",sim_postfilter,FAND3,50,100.0,8000.0,656,1.312,50,50,0,0.0248,0.0176,0.0332,0.02,0.0,0.0,0.0248,0.0248,1.24,,0,0,0,,,0,8000.0,8000.0,656
"SIMULATED: post-filter, B=1000, C=2000",sim_postfilter,FAND3,50,1000.0,2000.0,656,1.312,50,50,0,0.2596,0.238,0.2832,0.24,0.12,0.0,0.2596,0.2596,12.98,,0,0,0,,,0,2000.0,2000.0,656
"SIMULATED: post-filter, B=1000, C=8000",sim_postfilter,FAND3,50,1000.0,8000.0,656,1.312,50,50,0,0.2548,0.234,0.2792,0.24,0.08,0.0,0.2548,0.2548,12.74,,0,0,0,,,0,8000.0,8000.0,656
"SIMULATED: post-filter, B=100, C=500",sim_postfilter,FFEW,5,100.0,500.0,3,0.006,50,50,0,0.0133333333,0.0,0.0333333333,0.0,0.0,0.0,0.0133333333,0.0133333333,0.04,,0,0,0,,,0,500.0,500.0,3
"SIMULATED: post-filter, B=100, C=2000",sim_postfilter,FFEW,5,100.0,2000.0,3,0.006,50,50,0,0.0133333333,0.0,0.0333333333,0.0,0.0,0.0,0.0133333333,0.0133333333,0.04,,0,0,0,,,0,2000.0,2000.0,3
"SIMULATED: post-filter, B=100, C=8000",sim_postfilter,FFEW,5,100.0,8000.0,3,0.006,50,50,0,0.0133333333,0.0,0.0333333333,0.0,0.0,0.0,0.0133333333,0.0133333333,0.04,,0,0,0,,,0,8000.0,8000.0,3
"SIMULATED: post-filter, B=1000, C=2000",sim_postfilter,FFEW,5,1000.0,2000.0,3,0.006,50,50,0,0.0466666667,0.0133333333,0.08,0.0,0.0,0.0,0.0466666667,0.0466666667,0.14,,0,0,0,,,0,2000.0,2000.0,3
"SIMULATED: post-filter, B=1000, C=8000",sim_postfilter,FFEW,5,1000.0,8000.0,3,0.006,50,50,0,0.0533333333,0.02,0.0933333333,0.0,0.0,0.0,0.0533333333,0.0533333333,0.16,,0,0,0,,,0,8000.0,8000.0,3
"SIMULATED: post-filter, B=100, C=500",sim_postfilter,FFEW,10,100.0,500.0,3,0.006,50,50,0,0.0133333333,0.0,0.0333333333,0.0,0.0,0.0,0.0133333333,0.0133333333,0.04,,0,0,0,,,0,500.0,500.0,3
"SIMULATED: post-filter, B=100, C=2000",sim_postfilter,FFEW,10,100.0,2000.0,3,0.006,50,50,0,0.0133333333,0.0,0.0333333333,0.0,0.0,0.0,0.0133333333,0.0133333333,0.04,,0,0,0,,,0,2000.0,2000.0,3
"SIMULATED: post-filter, B=100, C=8000",sim_postfilter,FFEW,10,100.0,8000.0,3,0.006,50,50,0,0.0133333333,0.0,0.0333333333,0.0,0.0,0.0,0.0133333333,0.0133333333,0.04,,0,0,0,,,0,8000.0,8000.0,3
"SIMULATED: post-filter, B=1000, C=2000",sim_postfilter,FFEW,10,1000.0,2000.0,3,0.006,50,50,0,0.0466666667,0.0133333333,0.08,0.0,0.0,0.0,0.0466666667,0.0466666667,0.14,,0,0,0,,,0,2000.0,2000.0,3
"SIMULATED: post-filter, B=1000, C=8000",sim_postfilter,FFEW,10,1000.0,8000.0,3,0.006,50,50,0,0.0533333333,0.02,0.0866666667,0.0,0.0,0.0,0.0533333333,0.0533333333,0.16,,0,0,0,,,0,8000.0,8000.0,3
"SIMULATED: post-filter, B=100, C=500",sim_postfilter,FFEW,20,100.0,500.0,3,0.006,50,50,0,0.0133333333,0.0,0.0333333333,0.0,0.0,0.0,0.0133333333,0.0133333333,0.04,,0,0,0,,,0,500.0,500.0,3
"SIMULATED: post-filter, B=100, C=2000",sim_postfilter,FFEW,20,100.0,2000.0,3,0.006,50,50,0,0.0133333333,0.0,0.0333333333,0.0,0.0,0.0,0.0133333333,0.0133333333,0.04,,0,0,0,,,0,2000.0,2000.0,3
"SIMULATED: post-filter, B=100, C=8000",sim_postfilter,FFEW,20,100.0,8000.0,3,0.006,50,50,0,0.0133333333,0.0,0.0333333333,0.0,0.0,0.0,0.0133333333,0.0133333333,0.04,,0,0,0,,,0,8000.0,8000.0,3
"SIMULATED: post-filter, B=1000, C=2000",sim_postfilter,FFEW,20,1000.0,2000.0,3,0.006,50,50,0,0.0466666667,0.02,0.08,0.0,0.0,0.0,0.0466666667,0.0466666667,0.14,,0,0,0,,,0,2000.0,2000.0,3
"SIMULATED: post-filter, B=1000, C=8000",sim_postfilter,FFEW,20,1000.0,8000.0,3,0.006,50,50,0,0.0533333333,0.02,0.0866666667,0.0,0.0,0.0,0.0533333333,0.0533333333,0.16,,0,0,0,,,0,8000.0,8000.0,3
"SIMULATED: post-filter, B=100, C=500",sim_postfilter,FFEW,50,100.0,500.0,3,0.006,50,50,0,0.0133333333,0.0,0.0335,0.0,0.0,0.0,0.0133333333,0.0133333333,0.04,,0,0,0,,,0,500.0,500.0,3
"SIMULATED: post-filter, B=100, C=2000",sim_postfilter,FFEW,50,100.0,2000.0,3,0.006,50,50,0,0.0133333333,0.0,0.0333333333,0.0,0.0,0.0,0.0133333333,0.0133333333,0.04,,0,0,0,,,0,2000.0,2000.0,3
"SIMULATED: post-filter, B=100, C=8000",sim_postfilter,FFEW,50,100.0,8000.0,3,0.006,50,50,0,0.0133333333,0.0,0.0333333333,0.0,0.0,0.0,0.0133333333,0.0133333333,0.04,,0,0,0,,,0,8000.0,8000.0,3
"SIMULATED: post-filter, B=1000, C=2000",sim_postfilter,FFEW,50,1000.0,2000.0,3,0.006,50,50,0,0.0466666667,0.02,0.08,0.0,0.0,0.0,0.0466666667,0.0466666667,0.14,,0,0,0,,,0,2000.0,2000.0,3
"SIMULATED: post-filter, B=1000, C=8000",sim_postfilter,FFEW,50,1000.0,8000.0,3,0.006,50,50,0,0.0533333333,0.02,0.0866666667,0.0,0.0,0.0,0.0533333333,0.0533333333,0.16,,0,0,0,,,0,8000.0,8000.0,3
"SIMULATED: post-filter, B=100, C=500",sim_postfilter,FONE,5,100.0,500.0,1,0.002,50,50,0,0.0,0.0,0.0,0.0,0.0,0.0,0.0,0.0,0.0,,0,0,0,,,0,500.0,500.0,1
"SIMULATED: post-filter, B=100, C=2000",sim_postfilter,FONE,5,100.0,2000.0,1,0.002,50,50,0,0.0,0.0,0.0,0.0,0.0,0.0,0.0,0.0,0.0,,0,0,0,,,0,2000.0,2000.0,1
"SIMULATED: post-filter, B=100, C=8000",sim_postfilter,FONE,5,100.0,8000.0,1,0.002,50,50,0,0.0,0.0,0.0,0.0,0.0,0.0,0.0,0.0,0.0,,0,0,0,,,0,8000.0,8000.0,1
"SIMULATED: post-filter, B=1000, C=2000",sim_postfilter,FONE,5,1000.0,2000.0,1,0.002,50,50,0,0.0,0.0,0.0,0.0,0.0,0.0,0.0,0.0,0.0,,0,0,0,,,0,2000.0,2000.0,1
"SIMULATED: post-filter, B=1000, C=8000",sim_postfilter,FONE,5,1000.0,8000.0,1,0.002,50,50,0,0.0,0.0,0.0,0.0,0.0,0.0,0.0,0.0,0.0,,0,0,0,,,0,8000.0,8000.0,1
"SIMULATED: post-filter, B=100, C=500",sim_postfilter,FONE,10,100.0,500.0,1,0.002,50,50,0,0.0,0.0,0.0,0.0,0.0,0.0,0.0,0.0,0.0,,0,0,0,,,0,500.0,500.0,1
"SIMULATED: post-filter, B=100, C=2000",sim_postfilter,FONE,10,100.0,2000.0,1,0.002,50,50,0,0.0,0.0,0.0,0.0,0.0,0.0,0.0,0.0,0.0,,0,0,0,,,0,2000.0,2000.0,1
"SIMULATED: post-filter, B=100, C=8000",sim_postfilter,FONE,10,100.0,8000.0,1,0.002,50,50,0,0.0,0.0,0.0,0.0,0.0,0.0,0.0,0.0,0.0,,0,0,0,,,0,8000.0,8000.0,1
"SIMULATED: post-filter, B=1000, C=2000",sim_postfilter,FONE,10,1000.0,2000.0,1,0.002,50,50,0,0.0,0.0,0.0,0.0,0.0,0.0,0.0,0.0,0.0,,0,0,0,,,0,2000.0,2000.0,1
"SIMULATED: post-filter, B=1000, C=8000",sim_postfilter,FONE,10,1000.0,8000.0,1,0.002,50,50,0,0.0,0.0,0.0,0.0,0.0,0.0,0.0,0.0,0.0,,0,0,0,,,0,8000.0,8000.0,1
"SIMULATED: post-filter, B=100, C=500",sim_postfilter,FONE,20,100.0,500.0,1,0.002,50,50,0,0.0,0.0,0.0,0.0,0.0,0.0,0.0,0.0,0.0,,0,0,0,,,0,500.0,500.0,1
"SIMULATED: post-filter, B=100, C=2000",sim_postfilter,FONE,20,100.0,2000.0,1,0.002,50,50,0,0.0,0.0,0.0,0.0,0.0,0.0,0.0,0.0,0.0,,0,0,0,,,0,2000.0,2000.0,1
"SIMULATED: post-filter, B=100, C=8000",sim_postfilter,FONE,20,100.0,8000.0,1,0.002,50,50,0,0.0,0.0,0.0,0.0,0.0,0.0,0.0,0.0,0.0,,0,0,0,,,0,8000.0,8000.0,1
"SIMULATED: post-filter, B=1000, C=2000",sim_postfilter,FONE,20,1000.0,2000.0,1,0.002,50,50,0,0.0,0.0,0.0,0.0,0.0,0.0,0.0,0.0,0.0,,0,0,0,,,0,2000.0,2000.0,1
"SIMULATED: post-filter, B=1000, C=8000",sim_postfilter,FONE,20,1000.0,8000.0,1,0.002,50,50,0,0.0,0.0,0.0,0.0,0.0,0.0,0.0,0.0,0.0,,0,0,0,,,0,8000.0,8000.0,1
"SIMULATED: post-filter, B=100, C=500",sim_postfilter,FONE,50,100.0,500.0,1,0.002,50,50,0,0.0,0.0,0.0,0.0,0.0,0.0,0.0,0.0,0.0,,0,0,0,,,0,500.0,500.0,1
"SIMULATED: post-filter, B=100, C=2000",sim_postfilter,FONE,50,100.0,2000.0,1,0.002,50,50,0,0.0,0.0,0.0,0.0,0.0,0.0,0.0,0.0,0.0,,0,0,0,,,0,2000.0,2000.0,1
"SIMULATED: post-filter, B=100, C=8000",sim_postfilter,FONE,50,100.0,8000.0,1,0.002,50,50,0,0.0,0.0,0.0,0.0,0.0,0.0,0.0,0.0,0.0,,0,0,0,,,0,8000.0,8000.0,1
"SIMULATED: post-filter, B=1000, C=2000",sim_postfilter,FONE,50,1000.0,2000.0,1,0.002,50,50,0,0.0,0.0,0.0,0.0,0.0,0.0,0.0,0.0,0.0,,0,0,0,,,0,2000.0,2000.0,1
"SIMULATED: post-filter, B=1000, C=8000",sim_postfilter,FONE,50,1000.0,8000.0,1,0.002,50,50,0,0.0,0.0,0.0,0.0,0.0,0.0,0.0,0.0,0.0,,0,0,0,,,0,8000.0,8000.0,1
"SIMULATED: post-filter, B=100, C=500",sim_postfilter,FZERO,5,100.0,500.0,0,0.0,50,50,0,,,,,,,,,0.0,1.0,0,0,0,,,0,500.0,500.0,0
"SIMULATED: post-filter, B=100, C=2000",sim_postfilter,FZERO,5,100.0,2000.0,0,0.0,50,50,0,,,,,,,,,0.0,1.0,0,0,0,,,0,2000.0,2000.0,0
"SIMULATED: post-filter, B=100, C=8000",sim_postfilter,FZERO,5,100.0,8000.0,0,0.0,50,50,0,,,,,,,,,0.0,1.0,0,0,0,,,0,8000.0,8000.0,0
"SIMULATED: post-filter, B=1000, C=2000",sim_postfilter,FZERO,5,1000.0,2000.0,0,0.0,50,50,0,,,,,,,,,0.0,1.0,0,0,0,,,0,2000.0,2000.0,0
"SIMULATED: post-filter, B=1000, C=8000",sim_postfilter,FZERO,5,1000.0,8000.0,0,0.0,50,50,0,,,,,,,,,0.0,1.0,0,0,0,,,0,8000.0,8000.0,0
"SIMULATED: post-filter, B=100, C=500",sim_postfilter,FZERO,10,100.0,500.0,0,0.0,50,50,0,,,,,,,,,0.0,1.0,0,0,0,,,0,500.0,500.0,0
"SIMULATED: post-filter, B=100, C=2000",sim_postfilter,FZERO,10,100.0,2000.0,0,0.0,50,50,0,,,,,,,,,0.0,1.0,0,0,0,,,0,2000.0,2000.0,0
"SIMULATED: post-filter, B=100, C=8000",sim_postfilter,FZERO,10,100.0,8000.0,0,0.0,50,50,0,,,,,,,,,0.0,1.0,0,0,0,,,0,8000.0,8000.0,0
"SIMULATED: post-filter, B=1000, C=2000",sim_postfilter,FZERO,10,1000.0,2000.0,0,0.0,50,50,0,,,,,,,,,0.0,1.0,0,0,0,,,0,2000.0,2000.0,0
"SIMULATED: post-filter, B=1000, C=8000",sim_postfilter,FZERO,10,1000.0,8000.0,0,0.0,50,50,0,,,,,,,,,0.0,1.0,0,0,0,,,0,8000.0,8000.0,0
"SIMULATED: post-filter, B=100, C=500",sim_postfilter,FZERO,20,100.0,500.0,0,0.0,50,50,0,,,,,,,,,0.0,1.0,0,0,0,,,0,500.0,500.0,0
"SIMULATED: post-filter, B=100, C=2000",sim_postfilter,FZERO,20,100.0,2000.0,0,0.0,50,50,0,,,,,,,,,0.0,1.0,0,0,0,,,0,2000.0,2000.0,0
"SIMULATED: post-filter, B=100, C=8000",sim_postfilter,FZERO,20,100.0,8000.0,0,0.0,50,50,0,,,,,,,,,0.0,1.0,0,0,0,,,0,8000.0,8000.0,0
"SIMULATED: post-filter, B=1000, C=2000",sim_postfilter,FZERO,20,1000.0,2000.0,0,0.0,50,50,0,,,,,,,,,0.0,1.0,0,0,0,,,0,2000.0,2000.0,0
"SIMULATED: post-filter, B=1000, C=8000",sim_postfilter,FZERO,20,1000.0,8000.0,0,0.0,50,50,0,,,,,,,,,0.0,1.0,0,0,0,,,0,8000.0,8000.0,0
"SIMULATED: post-filter, B=100, C=500",sim_postfilter,FZERO,50,100.0,500.0,0,0.0,50,50,0,,,,,,,,,0.0,1.0,0,0,0,,,0,500.0,500.0,0
"SIMULATED: post-filter, B=100, C=2000",sim_postfilter,FZERO,50,100.0,2000.0,0,0.0,50,50,0,,,,,,,,,0.0,1.0,0,0,0,,,0,2000.0,2000.0,0
"SIMULATED: post-filter, B=100, C=8000",sim_postfilter,FZERO,50,100.0,8000.0,0,0.0,50,50,0,,,,,,,,,0.0,1.0,0,0,0,,,0,8000.0,8000.0,0
"SIMULATED: post-filter, B=1000, C=2000",sim_postfilter,FZERO,50,1000.0,2000.0,0,0.0,50,50,0,,,,,,,,,0.0,1.0,0,0,0,,,0,2000.0,2000.0,0
"SIMULATED: post-filter, B=1000, C=8000",sim_postfilter,FZERO,50,1000.0,8000.0,0,0.0,50,50,0,,,,,,,,,0.0,1.0,0,0,0,,,0,8000.0,8000.0,0
